scrape_session_id,scrape_datetime,store_name,basket_item_id,canonical_name,product_url,product_title_raw,price_raw,old_price_raw,unit_price_raw,coupon_text_raw,coupon_value_raw,price_block_raw,price_context_raw,availability_raw,status
20260605_123224,2026-06-05 12:41:38,Whole Foods,66,"yogurt, high protein, greek, vanilla, tub, chobani",https://www.wholefoodsmarket.com/grocery/product/chobani-chobani-20g-protein-lowfat-greek-yogurt-vanilla-32oz-b0dqvt9sk1?ref_=US_OTR_ALL_UFG_WFM_OTHER_0542341,Chobani® 20g Protein Lowfat Greek Yogurt Vanilla 32oz,$7.49,,$0.23/oz,,,$7.49 ($0.23 / ounce),standard_price,in_stock,success
20260605_123224,2026-06-05 13:13:49,Whole Foods,67,"yogurt, high protein, greek, vanilla, cups, chobani",https://www.wholefoodsmarket.com/grocery/product/chobani-chobani-20g-protein-lowfat-greek-yogurt-vanilla-6-7oz-b0d3rf9j1v?ref_=US_OTR_ALL_UFG_WFM_OTHER_0542341,Chobani® 20g Protein Lowfat Greek Yogurt Vanilla 6.7oz,$2.49,,$0.37/oz,,,$2.49 ($0.37 / ounce),standard_price,in_stock,success
20260605_123224,2026-06-05 13:16:45,Whole Foods,68,"vegan yogurt, coconut base, plain, tub, harmless harvest",https://www.wholefoodsmarket.com/grocery/product/harmless-harvest-harmless-harvest-dairy-free-yogurt-plain-24oz-b08bgqt3bx?ref_=US_OTR_ALL_UFG_WFM_OTHER_0542341,Harmless Harvest Dairy-Free Yogurt - Plain 24oz,$5.79,,,,,Join Prime to buy this item at $5.79,standard_price,out_of_stock,success
20260605_123224,2026-06-05 13:28:13,Whole Foods,70,"vegan yogurt, coconut base, vanilla, cup, so delicious",https://www.wholefoodsmarket.com/grocery/product/so-delicious-so-delicious-dairy-free-coconut-milk-yogurt-alternative-vanilla-vegan-non-gmo-project-verified-5-3-oz-b019hs2p5i?ref_=US_OTR_ALL_UFG_WFM_OTHER_0542341,"So Delicious Dairy Free Coconut Milk Yogurt Alternative, Vanilla, Vegan, Non-GMO Project Verified, 5.3 oz.",$2.19,,$0.41/oz,,,$2.19 ($0.41 / ounce),standard_price,in_stock,success
20260605_123224,2026-06-05 13:33:16,Whole Foods,71,"vegan yogurt, coconut base, vanilla, tub, harmless harvest",https://www.wholefoodsmarket.com/grocery/product/harmless-harvest-harmless-harvest-dairy-free-cup-yogurt-vanilla-24oz-24-oz-b08kjl5h5c?ref_=US_OTR_ALL_UFG_WFM_OTHER_0542341,"Harmless Harvest Dairy-Free Cup Yogurt - Vanilla 24oz, 24 Oz",$7.43,,$0.31/oz,,,$7.43 ($0.31 / ounce),standard_price,in_stock,success
20260605_123224,2026-06-05 13:37:10,Whole Foods,73,"vegan yogurt, soy base, vanilla, cup, silk",https://www.wholefoodsmarket.com/grocery/product/silk-silk-vanilla-dairy-free-soy-milk-yogurt-alternative-smooth-and-creamy-plant-based-yogurt-with-6-grams-of-protein-per-serving-5-3-oz-container-b018xw013m?ref_=US_OTR_ALL_UFG_WFM_OTHER_0542341,"Silk Vanilla Dairy Free, Soy Milk Yogurt Alternative, Smooth and Creamy Plant Based Yogurt with 6 Grams of Protein Per Serving, 5.3 OZ Container",$1.99,,,,,$1.99,standard_price,in_stock,success
20260605_123224,2026-06-05 13:41:36,Whole Foods,74,"vegan yogurt, coconut base, strawberry, cup, so delicious",https://www.wholefoodsmarket.com/grocery/product/so-delicious-so-delicious-cultured-coconutmilk-dairy-free-yogurt-strawberry-banana-5-3-ounce-plant-based-vegan-dairy-free-yogurt-alternative-great-in-smoothies-protein-shakes-or-cereal-b071h7rzmb?ref_=US_OTR_ALL_UFG_WFM_OTHER_0542341,"So Delicious Cultured Coconutmilk Dairy-Free Yogurt, Strawberry-Banana, 5.3 Ounce Plant-Based Vegan Dairy-Free Yogurt Alternative, Great in Smoothies Protein Shakes or Cereal",$2.19,,$0.09/oz,,,$2.19 ($0.09 / ounce),standard_price,in_stock,success
20260605_123224,2026-06-05 13:44:41,Whole Foods,75,"vegan yogurt, soy base, strawberry, cup, silk",https://www.wholefoodsmarket.com/grocery/product/silk-silk-soy-milk-dairy-free-yogurt-alternative-strawberry-gluten-free-vegan-non-gmo-project-verified-5-3-oz-b014bcggpk?ref_=US_OTR_ALL_UFG_WFM_OTHER_0542341,"Silk Soy Milk Dairy-Free Yogurt Alternative, Strawberry, Gluten-Free, Vegan, Non-GMO Project Verified, 5.3 oz.",$1.99,,$0.38/oz,,,$1.99 ($0.38 / ounce),standard_price,in_stock,success
20260605_123224,2026-06-05 13:49:54,Whole Foods,77,"vegan yogurt, cashew base, vanilla, tub, forager project",https://www.wholefoodsmarket.com/grocery/product/forager-project-forager-project-organic-vanilla-cashew-yogurt-24-oz-b0779cmm8r?ref_=US_OTR_ALL_UFG_WFM_OTHER_0542341,"Forager Project Organic Vanilla Cashew Yogurt, 24 OZ",$7.99,,$0.33/oz,,,$7.99 ($0.33 / ounce),standard_price,in_stock,success
20260605_123224,2026-06-05 13:52:52,Whole Foods,78,"vegan sour cream, cashew base, forager project",https://www.wholefoodsmarket.com/grocery/product/forager-project-forager-project-organic-dairy-free-sour-cream-12-oz-b081w9kvg9?ref_=US_OTR_ALL_UFG_WFM_OTHER_0542341,"Forager Project Organic Dairy Free Sour Cream, 12 OZ",$5.49,,$0.46/oz,,,$5.49 ($0.46 / ounce),standard_price,in_stock,success
20260605_123224,2026-06-05 13:58:46,Whole Foods,79,"milk, whole, gallon",https://www.wholefoodsmarket.com/grocery/product/365-by-whole-foods-market-whole-milk-gallon-128-fl-oz-b074h6r3pc?ref_=US_OTR_ALL_UFG_WFM_OTHER_0542341,"Whole Milk, Gallon, 128 fl oz",$5.79,,,,,$5.79,standard_price,in_stock,success
20260605_123224,2026-06-05 14:07:31,Whole Foods,83,"milk, whole, organic",https://www.wholefoodsmarket.com/grocery/product/365-by-whole-foods-market-organic-whole-milk-128-fl-oz-b09fblv8qy?ref_=US_OTR_ALL_UFG_WFM_OTHER_0542341,"365 by Whole Foods Market, Organic Whole Milk, 128 Fl Oz",$7.29,,,,,$7.29,standard_price,in_stock,success
20260605_123224,2026-06-05 14:12:31,Whole Foods,84,"milk, whole, organic, horizon",https://www.wholefoodsmarket.com/grocery/product/horizon-organic-horizon-organic-dha-omega-3-milk-dha-whole-milk-64-fl-oz-half-gallon-carton-b001rna69e?ref_=US_OTR_ALL_UFG_WFM_OTHER_0542341,"Horizon Organic DHA Omega-3 Milk, DHA Whole Milk, 64 fl oz Half Gallon Carton",$6.99,,,,,$6.99,standard_price,in_stock,success
20260605_123224,2026-06-05 14:14:44,Whole Foods,85,"milk, 2%, organic, horizon, dha",https://www.wholefoodsmarket.com/grocery/product/horizon-organic-horizon-organic-dha-omega-3-milk-dha-2-percent-milk-64-fl-oz-half-gallon-carton-b001rna658?ref_=US_OTR_ALL_UFG_WFM_OTHER_0542341,"Horizon Organic DHA Omega-3 Milk, DHA 2 Percent Milk, 64 fl oz Half Gallon Carton",$6.99,,,,,$6.99,standard_price,in_stock,success
20260605_123224,2026-06-05 14:19:13,Whole Foods,86,"milk, 2%, organic",https://www.wholefoodsmarket.com/grocery/product/365-by-whole-foods-market-organic-2-reduced-fat-milk-128-ounce-b09fbktx32?ref_=US_OTR_ALL_UFG_WFM_OTHER_0542341,"Organic 2% Reduced Fat Milk, 128 Ounce",$7.29,,$0.06/oz,,,$7.29 ($0.06 / ounce),standard_price,in_stock,success
20260605_123224,2026-06-05 14:22:26,Whole Foods,87,"milk, whole, organic",https://www.wholefoodsmarket.com/grocery/product/365-by-whole-foods-market-organic-whole-milk-128-fl-oz-b09fblv8qy?ref_=US_OTR_ALL_UFG_WFM_OTHER_0542341,"365 by Whole Foods Market, Organic Whole Milk, 128 Fl Oz",$7.29,,,,,$7.29,standard_price,in_stock,success
20260605_123224,2026-06-05 14:26:24,Whole Foods,88,"milk, fat-free, organic",https://www.wholefoodsmarket.com/grocery/product/365-by-whole-foods-market-365-by-whole-foods-market-organic-fat-free-milk-128-oz-b09fbgmjbm?ref_=US_OTR_ALL_UFG_WFM_OTHER_0542341,"365 by Whole Foods Market Organic Fat Free Milk, 128 OZ",$7.29,,$0.06/oz,,,$7.29 ($0.06 / ounce),standard_price,in_stock,success
20260605_123224,2026-06-05 14:29:37,Whole Foods,92,"oat milk, unsweetened, planet oat",https://www.wholefoodsmarket.com/grocery/product/planet-oat-planet-oat-original-unsweetened-oatmilk-32-fl-oz-b0f2tjc55h?ref_=US_OTR_ALL_UFG_WFM_OTHER_0542341,"Planet Oat Original Unsweetened Oatmilk, 32 Fl Oz",$3.79,,,,,$3.79,standard_price,in_stock,success
20260605_123224,2026-06-05 14:34:59,Whole Foods,93,"oat milk, sweetened, oatly",https://www.wholefoodsmarket.com/grocery/product/oatly-oatly-original-oat-milk-64-oz-b075qj8m1k?ref_=US_OTR_ALL_UFG_WFM_OTHER_0542341,"Oatly Original Oat Milk, 64 oz",$5.79,,,,,$5.79,standard_price,in_stock,success
20260605_123224,2026-06-05 14:38:52,Whole Foods,94,"soy milk, unsweetened, silk",https://www.wholefoodsmarket.com/grocery/product/silk-organic-milk-substitute-soy-unsweetened-64-fl-oz-b000pkz9jm?ref_=US_OTR_ALL_UFG_WFM_OTHER_0542341,"Organic Milk Substitute, Soy, Unsweetened, 64 Fl Oz",$5.39,,,,,$5.39,standard_price,in_stock,success
20260605_123224,2026-06-05 14:43:52,Whole Foods,95,"soy milk, unsweetened",https://www.wholefoodsmarket.com/grocery/product/365-by-whole-foods-market-organic-unsweetened-soymilk-64-fl-oz-b074h6r4yv?ref_=US_OTR_ALL_UFG_WFM_OTHER_0542341,"365 by Whole Foods Market, Organic Unsweetened Soymilk, 64 fl oz",$2.99,,,,,$2.99,standard_price,in_stock,success
20260605_123224,2026-06-05 14:45:58,Whole Foods,97,"almond milk, unsweetened",https://www.wholefoodsmarket.com/grocery/product/365-by-whole-foods-market-organic-almondmilk-unsweetened-64-fl-oz-b074h6m4m4?ref_=US_OTR_ALL_UFG_WFM_OTHER_0542341,"365 by Whole Foods Market, Organic Almondmilk Unsweetened, 64 fl oz",$4.29,,,,,$4.29,standard_price,in_stock,success
20260605_123224,2026-06-05 14:51:49,Whole Foods,98,"soy milk, sweetened, high protein, silk",https://www.wholefoodsmarket.com/grocery/product/silk-silk-protein-complete-plant-protein-milk-original-dairy-free-lactose-free-plant-based-milk-with-13g-protein-per-serving-48-fl-oz-bottle-b0flqlq1q6?ref_=US_OTR_ALL_UFG_WFM_OTHER_0542341,"Silk Protein Complete Plant Protein Milk, Original, Dairy Free, Lactose Free Plant Based Milk with 13g Protein per Serving, 48 fl oz Bottle",$5.60,,,,,$5.60,standard_price,in_stock,success
20260605_123224,2026-06-05 14:55:19,Whole Foods,100,"coconut milk, unsweetened",https://www.wholefoodsmarket.com/grocery/product/365-by-whole-foods-market-organic-unsweetened-original-coconut-milk-beverage-64-fl-oz-b07fwj8crm?ref_=US_OTR_ALL_UFG_WFM_OTHER_0542341,"365 by Whole Foods Market, Organic Unsweetened Original Coconut milk Beverage, 64 fl oz",$4.49,,,,,$4.49,standard_price,in_stock,success
20260605_123224,2026-06-05 14:59:51,Whole Foods,101,"almond milk, unsweetened, vanilla, almond breeze",https://www.wholefoodsmarket.com/grocery/product/almond-breeze-blue-diamond-unsweetened-vanilla-almondmilk-0-5-gl-b00cj8jj6w?ref_=US_OTR_ALL_UFG_WFM_OTHER_0542341,"Blue Diamond, Unsweetened Vanilla Almondmilk, 64 Fl Oz",$4.09,,,,,$4.09,standard_price,in_stock,success
20260605_123224,2026-06-05 15:02:44,Whole Foods,102,"almond milk, unsweetened, vanilla",https://www.wholefoodsmarket.com/grocery/product/365-by-whole-foods-market-organic-almondmilk-unsweetened-vanilla-64-fl-oz-b074h4wrpw?ref_=US_OTR_ALL_UFG_WFM_OTHER_0542341,"Organic Almondmilk Unsweetened Vanilla, 64 fl oz",$4.29,,,,,$4.29,standard_price,in_stock,success
20260605_123224,2026-06-05 15:06:14,Whole Foods,103,"cottage cheese, 2%, daisy pure",https://www.wholefoodsmarket.com/grocery/product/daisy-brand-daisy-2-cottage-cheese-16-oz-b00loawocw?ref_=US_OTR_ALL_UFG_WFM_OTHER_0542341,"Daisy 2% Cottage Cheese, 16 OZ",$3.79,,$0.24/oz,,,$3.79 ($0.24 / ounce),standard_price,in_stock,success
20260605_123224,2026-06-05 15:10:38,Whole Foods,105,"cottage cheese, 4%, daisy pure",https://www.wholefoodsmarket.com/grocery/product/daisy-brand-daisy-4-cottage-cheese-24oz-24-oz-b00y9essmk?ref_=US_OTR_ALL_UFG_WFM_OTHER_0542341,"Daisy 4% Cottage Cheese 24oz, 24 OZ",$4.99,,$0.21/oz,,,$4.99 ($0.21 / ounce),standard_price,in_stock,success
20260605_123224,2026-06-05 15:13:30,Whole Foods,107,"butter, unsalted",https://www.wholefoodsmarket.com/grocery/product/365-by-whole-foods-market-unsalted-butter-16-oz-b074vdj7kz?ref_=US_OTR_ALL_UFG_WFM_OTHER_0542341,"Unsalted Butter, 16 oz",$4.29,,$0.27/oz,,,$4.29 ($0.27 / ounce),standard_price,in_stock,success
20260605_123224,2026-06-05 15:16:46,Whole Foods,108,"butter, unsalted, kerrygold",https://www.wholefoodsmarket.com/grocery/product/kerrygold-kerrygold-grass-fed-pure-irish-unsalted-butter-sticks-16-oz-b0cpf1w6b5?ref_=US_OTR_ALL_UFG_WFM_OTHER_0542341,"Kerrygold Irish Grass-Fed Unsalted Butter Sticks, 16 OZ",$10.99,,$0.69/oz,,,$10.99 ($0.69 / ounce),standard_price,in_stock,success
20260605_123224,2026-06-05 15:21:19,Whole Foods,110,"vegan butter, salted, earth balance",https://www.wholefoodsmarket.com/grocery/product/earth-balance-earth-balance-plant-butter-original-plant-based-oil-spread-non-dairy-butter-alternative-15-oz-tub-b000o6efgk?ref_=US_OTR_ALL_UFG_WFM_OTHER_0542341,"Earth Balance Plant Butter Original Plant Based Oil Spread, Non-Dairy Butter Alternative, 15-oz. Tub",$4.99,,$0.33/oz,,,$4.99 ($0.33 / ounce),standard_price,in_stock,success
20260605_123224,2026-06-05 15:23:30,Whole Foods,112,"vegan cheese, cheddar, shredded",https://www.wholefoodsmarket.com/grocery/product/365-by-whole-foods-market-365-by-whole-foods-market-non-dairy-cheddar-cheese-shreds-8-oz-b0bhn3f83g?ref_=US_OTR_ALL_UFG_WFM_OTHER_0542341,"365 by Whole Foods Market Non Dairy Cheddar Cheese Shreds, 8 OZ",$3.99,,$0.50/oz,,,$3.99 ($0.50 / ounce),standard_price,in_stock,success
20260605_123224,2026-06-05 15:27:25,Whole Foods,113,"vegan cheese, cheddar, shredded, violife",https://www.wholefoodsmarket.com/grocery/product/violife-violife-just-like-cheddar-shreds-8-oz-b07gt6857v?ref_=US_OTR_ALL_UFG_WFM_OTHER_0542341,"Violife Just Like Cheddar Shreds, 8 OZ",$5.49,,$0.69/oz,,,$5.49 ($0.69 / ounce),standard_price,in_stock,success
20260605_123224,2026-06-05 15:32:16,Whole Foods,114,"vegan cheese, cheddar, shredded, daiya",https://www.wholefoodsmarket.com/grocery/product/daiya-daiya-cheddar-style-shreds-7-1-oz-b07n5jtsln?ref_=US_OTR_ALL_UFG_WFM_OTHER_0542341,"Daiya Cheddar Style Shreds, 7.1 OZ",$5.29,,$0.75/oz,,,$5.29 ($0.75 / ounce),standard_price,in_stock,success
20260605_155248,2026-06-05 16:06:07,Whole Foods,115,"cheese, mild cheddar, shredded",https://www.wholefoodsmarket.com/grocery/product/365-by-whole-foods-market-365-by-whole-foods-market-shredded-mild-cheddar-8-oz-b07vm5hqcq?ref_=US_OTR_ALL_UFG_WFM_OTHER_0542341,"365 by Whole Foods Market Shredded Mild Cheddar, 8 OZ",$3.29,,$0.41/oz,,,$3.29 ($0.41 / ounce),standard_price,in_stock,success
20260605_155248,2026-06-05 16:10:38,Whole Foods,117,"vegan cheese, mozzarella, shredded",https://www.wholefoodsmarket.com/grocery/product/365-by-whole-foods-market-365-by-whole-foods-market-non-dairy-mozzarella-cheese-shreds-8-oz-b0bhn2fwbx?ref_=US_OTR_ALL_UFG_WFM_OTHER_0542341,"365 by Whole Foods Market Non Dairy Mozzarella Cheese Shreds, 8 OZ",$3.99,,$0.50/oz,,,$3.99 ($0.50 / ounce),standard_price,in_stock,success
20260605_155248,2026-06-05 16:15:05,Whole Foods,118,"vegan cheese, mozzarella, shredded, violife",https://www.wholefoodsmarket.com/grocery/product/violife-violife-just-like-mozzarella-shreds-8-oz-b07gt6h8sy?ref_=US_OTR_ALL_UFG_WFM_OTHER_0542341,"Violife Just Like Mozzarella Shreds, 8 OZ",$5.49,,$0.69/oz,,,$5.49 ($0.69 / ounce),standard_price,in_stock,success
20260605_155248,2026-06-05 16:19:50,Whole Foods,119,"vegan cheese, mozzarella, shredded, daiya",https://www.wholefoodsmarket.com/grocery/product/daiya-daiya-mozzarella-style-shreds-7-1-oz-b0817h746y?ref_=US_OTR_ALL_UFG_WFM_OTHER_0542341,"Daiya Mozzarella Style Shreds, 7.1 OZ",$5.29,,$0.75/oz,,,$5.29 ($0.75 / ounce),standard_price,in_stock,success
20260605_155248,2026-06-05 16:23:59,Whole Foods,120,"cheese, mozzarella, low moisture, part skim, shredded",https://www.wholefoodsmarket.com/grocery/product/365-by-whole-foods-market-365-by-whole-foods-market-shredded-mozzarella-16-oz-b074h5ss4j?ref_=US_OTR_ALL_UFG_WFM_OTHER_0542341,"365 by Whole Foods Market Shredded Mozzarella, 16 OZ",$4.99,,$0.31/oz,,,$4.99 ($0.31 / ounce),standard_price,in_stock,success
20260605_155248,2026-06-05 16:29:08,Whole Foods,122,"cheese, medium cheddar, block, tillamook",https://www.wholefoodsmarket.com/grocery/product/tillamook-tillamook-kosher-medium-cheddar-bar-8-oz-b07pjtjw7h?ref_=US_OTR_ALL_UFG_WFM_OTHER_0542341,"Tillamook Kosher Medium Cheddar Bar, 8 OZ",$3.69,,$0.46/oz,,,$3.69 ($0.46 / ounce),standard_price,in_stock,success
20260605_155248,2026-06-05 16:33:34,Whole Foods,123,"cheese, medium cheddar, block",https://www.wholefoodsmarket.com/grocery/product/365-by-whole-foods-market-medium-cheddar-bar-8-oz-b074h77y9c?ref_=US_OTR_ALL_UFG_WFM_OTHER_0542341,"Medium Cheddar Bar, 8 oz",$2.99,,$0.37/oz,,,$2.99 ($0.37 / ounce),standard_price,in_stock,success
20260605_155248,2026-06-05 16:38:15,Whole Foods,125,"cheese, mozzarella, block",https://www.wholefoodsmarket.com/grocery/product/365-by-whole-foods-market-365-by-whole-foods-market-mozzarella-bar-16-oz-b08skfr2yl?ref_=US_OTR_ALL_UFG_WFM_OTHER_0542341,"365 by Whole Foods Market Mozzarella Bar, 16 OZ",$4.99,,$0.31/oz,,,$4.99 ($0.31 / ounce),standard_price,in_stock,success
20260605_155248,2026-06-05 16:41:29,Whole Foods,127,cream cheese,https://www.wholefoodsmarket.com/grocery/product/365-by-whole-foods-market-cream-cheese-8-oz-b074vgh1kz?ref_=US_OTR_ALL_UFG_WFM_OTHER_0542341,"Cream Cheese, 8 oz",$2.49,,$0.31/oz,,,$2.49 ($0.31 / ounce),standard_price,in_stock,success
20260605_155248,2026-06-05 16:47:37,Whole Foods,128,"cream cheese, organic",https://www.wholefoodsmarket.com/grocery/product/365-by-whole-foods-market-organic-cream-cheese-8-oz-b074h6qz3j?ref_=US_OTR_ALL_UFG_WFM_OTHER_0542341,"Organic Cream Cheese, 8 oz",$2.99,,$0.37/oz,,,$2.99 ($0.37 / ounce),standard_price,in_stock,success
20260605_200630,2026-06-05 20:09:01,Whole Foods,129,"vegan cream cheese, plain, kite hill",https://www.wholefoodsmarket.com/grocery/product/kite-hill-kite-hill-plain-almond-milk-cream-cheese-style-spread-8-ounces-dairy-free-whole-30-approved-gluten-free-non-gmo-vegan-b06zzxsksb?ref_=US_OTR_ALL_UFG_WFM_OTHER_0542341,"Kite Hill Plain Almond Milk Cream Cheese Style Spread, 8 Ounces, Dairy Free, Whole 30 Approved, Gluten Free, Non-GMO, Vegan",$6.99,,$0.87/oz,,,$6.99 ($0.87 / ounce),standard_price,in_stock,success
20260605_200630,2026-06-05 20:13:49,Whole Foods,134,"tofu,extra firm, mori-nu",https://www.wholefoodsmarket.com/grocery/product/mori-nu-mori-nu-tofu-extra-firm-tofu-10-9-ounce-b000srln56?ref_=US_OTR_ALL_UFG_WFM_OTHER_0542341,"Mori Nu Tofu Extra Firm Tofu, 10.9 Ounce",$2.69,,$0.25/oz,,,$2.69 ($0.25 / ounce),standard_price,in_stock,success
20260605_200630,2026-06-05 20:18:15,Whole Foods,135,"tofu, firm, organic",https://www.wholefoodsmarket.com/grocery/product/365-by-whole-foods-market-organic-firm-tofu-14-oz-b074h6qw6c?ref_=US_OTR_ALL_UFG_WFM_OTHER_0542341,"Organic Firm Tofu, 14 oz",$2.39,,$2.73/lb,,,$2.39 ($2.73 / lb),standard_price,in_stock,success
20260605_200630,2026-06-05 20:21:55,Whole Foods,136,"tofu, extra firm, organic",https://www.wholefoodsmarket.com/grocery/product/365-by-whole-foods-market-organic-extra-firm-tofu-14-oz-b074h5hj11?ref_=US_OTR_ALL_UFG_WFM_OTHER_0542341,"Organic Extra Firm Tofu, 14 oz",$2.39,,$2.39/count,,,$2.39 ($2.39 / count),standard_price,in_stock,success
20260605_200630,2026-06-05 20:25:25,Whole Foods,137,"tofu, silken, organic",https://www.wholefoodsmarket.com/grocery/product/365-by-whole-foods-market-organic-silken-tofu-16-oz-b07fw25zbj?ref_=US_OTR_ALL_UFG_WFM_OTHER_0542341,"Organic Silken Tofu, 16 oz",$2.39,,$0.15/oz,,,$2.39 ($0.15 / ounce),standard_price,in_stock,success
20260605_200630,2026-06-05 20:29:14,Whole Foods,138,"vegan ground beef, gardein",https://www.wholefoodsmarket.com/grocery/product/gardein-gardein-plant-based-ground-be-f-vegan-frozen-meat-alternative-13-7-oz-b00lxztvu6?ref_=US_OTR_ALL_UFG_WFM_OTHER_0542341,"Gardein Plant-Based Ground Be'f, Vegan, Frozen Meat Alternative, 13.7 oz.",$4.58,,$0.33/oz,,,$4.58 ($0.33 / ounce),standard_price,in_stock,success
20260605_200630,2026-06-05 20:33:03,Whole Foods,139,"tofu, soy free, big mountain",https://www.wholefoodsmarket.com/grocery/product/big-mountain-big-mountain-foods-soy-free-tofu-12-oz-b09rm3r16y?ref_=US_OTR_ALL_UFG_WFM_OTHER_0542341,"Big Mountain Foods Soy Free Tofu, 12 OZ",$5.99,,$0.50/oz,,,$5.99 ($0.50 / ounce),standard_price,in_stock,success
20260605_200630,2026-06-05 20:36:24,Whole Foods,140,"tofu, miso, organic, hodo",https://www.wholefoodsmarket.com/grocery/product/hodo-hodo-miso-organic-tofu-35g-protein-per-package-marinated-in-flavorful-umami-rich-miso-great-in-air-fryer-or-soup-baked-or-fried-nutritious-b0c5yb4pl3?ref_=US_OTR_ALL_UFG_WFM_OTHER_0542341,"Hodo Miso Organic Tofu | 35g Protein per Package | Marinated in Flavorful, Umami-Rich Miso | Great in Air Fryer or Soup, Baked or Fried | Nutritious",$5.49,,$0.69/oz,,,$5.49 ($0.69 / ounce),standard_price,out_of_stock,success
20260605_200630,2026-06-05 20:41:59,Whole Foods,141,"tempeh, lightlife",https://www.wholefoodsmarket.com/grocery/product/lightlife-lightlife-original-organic-tempeh-8-oz-b000yn1jy4?ref_=US_OTR_ALL_UFG_WFM_OTHER_0542341,"Lightlife Original Organic Tempeh, 8 Oz",$4.59,,$0.57/oz,,,$4.59 ($0.57 / ounce),standard_price,in_stock,success
20260605_200630,2026-06-05 20:45:24,Whole Foods,143,vegan nuggets,https://www.wholefoodsmarket.com/grocery/product/365-by-whole-foods-market-365-by-whole-foods-market-chickenless-nuggets-9-9-oz-b0d9kq79d1?ref_=US_OTR_ALL_UFG_WFM_OTHER_0542341,"365 by Whole Foods Market Chickenless Nuggets, 9.9 OZ",$5.29,,$0.53/oz,,,$5.29 ($0.53 / ounce),standard_price,in_stock,success
20260605_200630,2026-06-05 20:53:52,Whole Foods,144,"vegan nuggets, impossible",https://www.wholefoodsmarket.com/grocery/product/impossible-foods-impossible-frozen-chicken-nuggets-plant-based-13-5-ounce-b09c15qwt4?ref_=US_OTR_ALL_UFG_WFM_OTHER_0542341,"Impossible, Frozen Chicken Nuggets Plant Based, 13.5 Ounce",$9.49,,$0.70/oz,,,$9.49 ($0.70 / ounce),standard_price,in_stock,success
20260605_200630,2026-06-05 20:58:02,Whole Foods,145,vegan chicken pieces,https://www.wholefoodsmarket.com/grocery/product/365-by-whole-foods-market-365-by-whole-foods-market-plant-based-chicken-chunks-8-oz-b09d8sq2lk?ref_=US_OTR_ALL_UFG_WFM_OTHER_0542341,"365 by Whole Foods Market Plant Based Chicken Chunks, 8 OZ",$4.99,,$9.98/lb,,,$4.99 ($9.98 / lb),standard_price,in_stock,success
20260605_200630,2026-06-05 21:02:40,Whole Foods,146,"vegan chicken pieces, eat just",https://www.wholefoodsmarket.com/grocery/product/eat-just-eat-just-meat-plant-based-chicken-original-8-ounce-b0dw9j69ln?ref_=US_OTR_ALL_UFG_WFM_OTHER_0542341,"Eat Just Meat Plant Based Chicken Original, 8 Ounce",$4.99,,,,,Join Prime to buy this item at $4.99,standard_price,out_of_stock,success
20260605_200630,2026-06-05 21:06:41,Whole Foods,148,"chicken nuggets, perdue",https://www.wholefoodsmarket.com/grocery/product/perdue-perdue-organic-simply-smart-nuggets-22-oz-b0dy9c6xq9?ref_=US_OTR_ALL_UFG_WFM_OTHER_0542341,"Perdue Organic Simply Smart Nuggets, 22 OZ",$11.99,,$8.72/lb,,,$11.99 ($8.72 / lb),standard_price,in_stock,success
20260605_200630,2026-06-05 21:10:49,Whole Foods,149,"vegan hot dogs, lightlife",https://www.wholefoodsmarket.com/grocery/product/lightlife-lightlife-foods-smart-dogs-12-oz-b000psz9m6?ref_=US_OTR_ALL_UFG_WFM_OTHER_0542341,"LIGHTLIFE FOODS Smart Dogs, 12 OZ",$5.29,,$7.05/lb,,,$5.29 ($7.05 / lb),standard_price,in_stock,success
20260605_200630,2026-06-05 21:15:06,Whole Foods,150,"nutritional yeast, bobs red mill",https://www.wholefoodsmarket.com/grocery/product/bob-s-red-mill-bob-s-red-mill-nutritional-yeast-5oz-pack-of-1-vegan-paleo-friendly-kosher-b078x2gm29?ref_=US_OTR_ALL_UFG_WFM_OTHER_0542341,"Bob's Red Mill Nutritional Yeast, 5oz (Pack of 1) - Vegan, Paleo Friendly, Kosher",$6.59,,$1.32/oz,,,$6.59 ($1.32 / oz),standard_price,in_stock,success
20260605_200630,2026-06-05 21:18:27,Whole Foods,151,"vegan marshmallows, dandies",https://www.wholefoodsmarket.com/grocery/product/dandies-dandies-vegan-marshmallows-no-artificial-flavorings-food-dyes-corn-syrup-or-gelatin-perfect-for-roasting-s-mores-or-snacking-10-oz-b00fbnz58s?ref_=US_OTR_ALL_UFG_WFM_OTHER_0542341,"Dandies Vegan Marshmallows, No Artificial Flavorings, Food Dyes, Corn Syrup, or Gelatin, Perfect for Roasting, S’mores, or Snacking (10 oz)",$5.89,,$0.59/oz,,,$5.89 ($0.59 / ounce),standard_price,in_stock,success
20260605_200630,2026-06-05 21:22:09,Whole Foods,152,marshmallows,https://www.wholefoodsmarket.com/grocery/product/365-by-whole-foods-market-large-marshmallows-10-ounce-b07d6sxgy4?ref_=US_OTR_ALL_UFG_WFM_OTHER_0542341,"Large Marshmallows, 10 Ounce",$2.39,,$0.24/oz,,,$2.39 ($0.24 / ounce),standard_price,in_stock,success
20260605_200630,2026-06-05 21:27:02,Whole Foods,154,"protein bar, clif builders",https://www.wholefoodsmarket.com/grocery/product/luna-clif-builder-s-protein-bar-chocolate-mint-1-count-b07mwr75zp?ref_=US_OTR_ALL_UFG_WFM_OTHER_0542341,"CLIF BUILDER'S, Protein Bar, Chocolate Mint, 1 Count",$1.91,,$0.80/oz,,,$1.91 ($0.80 / ounce),standard_price,in_stock,success
20260605_200630,2026-06-05 21:30:26,Whole Foods,155,"vegan protein bar, trubar",https://www.wholefoodsmarket.com/grocery/product/truwomen-trubar-vegan-protein-bar-oh-oh-cookie-dough-gluten-free-plant-based-high-fiber-dairy-free-low-fat-non-gmo-no-sugar-alcohols-12g-lean-protein-13g-fiber-healthy-snack-bars-1-ct-b07ql5f4xx?ref_=US_OTR_ALL_UFG_WFM_OTHER_0542341,"TRUBAR Vegan Protein Bar, Oh Oh Cookie Dough, Gluten Free, Plant Based, High Fiber, Dairy Free, Low Fat, Non GMO, No Sugar Alcohols, 12G Lean Protein, 13G Fiber, Healthy Snack Bars, 1 CT",$1.92,,$1.09/oz,,,$1.92 ($1.09 / ounce),standard_price,in_stock,success
20260605_200630,2026-06-05 21:33:24,Whole Foods,156,"vegan protein bar, no cow",https://www.wholefoodsmarket.com/grocery/product/no-cow-no-cow-chocolate-chip-cookie-dough-protein-bar-2-12-oz-b086qydgnb?ref_=US_OTR_ALL_UFG_WFM_OTHER_0542341,"No Cow Chocolate Chip Cookie Dough Protein Bar, 2.12 OZ",$2.89,,$1.36/oz,,,$2.89 ($1.36 / ounce),standard_price,in_stock,success
20260605_200630,2026-06-05 21:38:13,Whole Foods,158,"protein powder, chocolate",https://www.wholefoodsmarket.com/grocery/product/365-by-whole-foods-market-chocolate-whey-concentrate-protein-powder-32-ounce-b0cfwvgghc?ref_=US_OTR_ALL_UFG_WFM_OTHER_0542341,"Chocolate Whey Concentrate Protein Powder, 32 Ounce",$42.99,,$1.34/oz,,,$42.99 ($1.34 / ounce),standard_price,in_stock,success
20260605_200630,2026-06-05 21:42:05,Whole Foods,159,"protein powder, chocolate, ancient nutrition",https://www.wholefoodsmarket.com/grocery/product/ancient-nutrition-ancient-nutrition-grass-fed-whey-protein-milk-chocolate-23g-protein-20-servings-hydrolyzed-collagen-peptides-organic-regenerative-a2-a2-milk-protein-b0d19hnsk6?ref_=US_OTR_ALL_UFG_WFM_OTHER_0542341,"Ancient Nutrition Grass Fed Whey Protein, Milk Chocolate, 23g Protein, 20 Servings, Hydrolyzed Collagen Peptides, Organic Regenerative A2/A2 Milk Protein",$54.99,,$2.41/oz,,,$54.99 ($2.41 / ounce),standard_price,in_stock,success
20260605_200630,2026-06-05 21:44:52,Whole Foods,160,"vegan protein, chocolate, organic, orgain",https://www.wholefoodsmarket.com/grocery/product/orgain-orgain-organic-vegan-protein-powder-creamy-chocolate-fudge-21g-plant-protein-6g-prebiotic-fiber-low-net-carb-no-lactose-ingredients-no-added-sugar-non-gmo-for-shakes-smoothies-2-03-lb-b00j074w94?ref_=US_OTR_ALL_UFG_WFM_OTHER_0542341,"Orgain Organic Vegan Protein Powder, Creamy Chocolate Fudge - 21g Plant Protein, 6g Prebiotic Fiber, Low Net Carb, No Lactose Ingredients, No Added Sugar, Non-GMO, For Shakes & Smoothies, 2.03 lb",$39.99,,$1.23/oz,,,$39.99 ($1.23 / ounce),standard_price,in_stock,success
20260605_200630,2026-06-05 21:49:43,Whole Foods,163,"baby spinach, organic",https://www.wholefoodsmarket.com/grocery/product/365-by-whole-foods-market-organic-baby-spinach-5-oz-b074h4wrng?ref_=US_OTR_ALL_UFG_WFM_OTHER_0542341,"Organic Baby Spinach, 5 oz",$3.19,,$10.21/lb,,,$3.19 ($10.21 / lb),standard_price,in_stock,success
20260605_200630,2026-06-05 21:52:21,Whole Foods,164,"spinach, frozen",https://www.wholefoodsmarket.com/grocery/product/365-by-whole-foods-market-chopped-spinach-16-oz-frozen-b074h5zhsv?ref_=US_OTR_ALL_UFG_WFM_OTHER_0542341,"Chopped Spinach, 16 oz, Frozen",$2.39,,$2.39/lb,,,$2.39 ($2.39 / lb),standard_price,in_stock,success
20260605_200630,2026-06-05 21:56:47,Whole Foods,166,kale,https://www.wholefoodsmarket.com/grocery/product/365-by-whole-foods-market-chopped-kale-16-ounce-b07h5q6yf1?ref_=US_OTR_ALL_UFG_WFM_OTHER_0542341,"Chopped Kale, 16 Ounce",$3.49,,$3.49/lb,,,$3.49 ($3.49 / lb),standard_price,in_stock,success
20260605_200630,2026-06-05 22:00:57,Whole Foods,167,broccoli florets,https://www.wholefoodsmarket.com/grocery/product/365-by-whole-foods-market-broccoli-florets-12-oz-b077l5rxjy?ref_=US_OTR_ALL_UFG_WFM_OTHER_0542341,"365 by Whole Foods Market, Broccoli Florets, 12 oz",$2.79,,$3.72/lb,,,$2.79 ($3.72 / lb),standard_price,in_stock,success
20260605_200630,2026-06-05 22:06:21,Whole Foods,168,"broccoli florets, frozen",https://www.wholefoodsmarket.com/grocery/product/365-by-whole-foods-market-broccoli-florets-16-oz-frozen-b074h5b5h7?ref_=US_OTR_ALL_UFG_WFM_OTHER_0542341,"Broccoli florets, 16 oz, Frozen",$2.39,,$2.39/lb,,,$2.39 ($2.39 / lb),standard_price,in_stock,success
20260605_200630,2026-06-05 22:11:19,Whole Foods,169,"broccoli florets, organic",https://www.wholefoodsmarket.com/grocery/product/365-by-whole-foods-market-organic-broccoli-florets-10-oz-b077lf2zmr?ref_=US_OTR_ALL_UFG_WFM_OTHER_0542341,"Organic Broccoli Florets, 10 oz",$3.99,,$6.38/lb,,,$3.99 ($6.38 / lb),standard_price,in_stock,success
20260605_200630,2026-06-05 22:15:14,Whole Foods,170,brussels sprouts,https://www.wholefoodsmarket.com/grocery/product/fresh-produce-brussels-sprouts-16-oz-b003iq3peq?ref_=US_OTR_ALL_UFG_WFM_OTHER_0542341,"Brussels Sprouts, 16 Oz",$4.99,,,,,$4.99,standard_price,out_of_stock,success
20260605_200630,2026-06-05 22:19:21,Whole Foods,171,"brussels sprouts, frozen",https://www.wholefoodsmarket.com/grocery/product/365-by-whole-foods-market-petite-brussel-sprouts-16-oz-b074h5h18t?ref_=US_OTR_ALL_UFG_WFM_OTHER_0542341,"Petite Brussel Sprouts, 16 oz",$2.39,,$2.39/lb,,,$2.39 ($2.39 / lb),standard_price,in_stock,success
20260605_200630,2026-06-05 22:24:33,Whole Foods,173,"sweet potatoes, organic",https://www.wholefoodsmarket.com/grocery/product/fresh-produce-potato-sweet-orange-organic-b07fzkxqt2?ref_=US_OTR_ALL_UFG_WFM_OTHER_0542341,Potato Sweet Orange Organic,$2.99,,$2.99/lb,,,$2.99/lb | Total est. price: $2.57,standard_price,in_stock,success
20260605_200630,2026-06-05 22:29:20,Whole Foods,175,"red potatoes, organic",https://www.wholefoodsmarket.com/grocery/product/fresh-produce-organic-red-potato-b078876rf7?ref_=US_OTR_ALL_UFG_WFM_OTHER_0542341,Organic Red Potato,$1.99,,$1.99/lb,,,$1.99/lb | Total est. price: $0.52,standard_price,in_stock,success
20260605_200630,2026-06-05 22:33:04,Whole Foods,176,"carrots, organic",https://www.wholefoodsmarket.com/grocery/product/fresh-produce-organic-carrots-2-lbs-b07fy873ss?ref_=US_OTR_ALL_UFG_WFM_OTHER_0542341,"Organic Carrots, 32 OZ",$2.99,,$1.50/lb,,,$2.99 ($1.50 / lb),standard_price,in_stock,success
20260605_200630,2026-06-05 22:37:16,Whole Foods,177,"baby carrots, organic",https://www.wholefoodsmarket.com/grocery/product/365-by-whole-foods-market-365-by-whole-foods-market-organic-petite-carrots-12-oz-b078j13fyq?ref_=US_OTR_ALL_UFG_WFM_OTHER_0542341,"365 By Whole Foods Market, Organic Petite Carrots, 12 Oz",$2.89,,$3.85/lb,,,$2.89 ($3.85 / lb),standard_price,in_stock,success
20260605_200630,2026-06-05 22:41:44,Whole Foods,180,"pepper bell, red",https://www.wholefoodsmarket.com/grocery/product/fresh-produce-produce-red-bell-peppers-b08ds45y8w?ref_=US_OTR_ALL_UFG_WFM_OTHER_0542341,Red Bell Peppers,$3.99,,$3.99/lb,,,$3.99/lb | Total est. price: $2.43,standard_price,in_stock,success
20260605_200630,2026-06-05 22:45:43,Whole Foods,181,"pepper bell, green",https://www.wholefoodsmarket.com/grocery/product/fresh-produce-green-bell-pepper-b001plesvu?ref_=US_OTR_ALL_UFG_WFM_OTHER_0542341,Green Bell Pepper,$2.99,,$2.99/lb,,,$2.99/lb | Total est. price: $1.26,standard_price,in_stock,success
20260605_225638,2026-06-05 22:59:51,Whole Foods,182,"tomato, roma",https://www.wholefoodsmarket.com/grocery/product/fresh-produce-tomato-roma-conventional-b078w9pf61?ref_=US_OTR_ALL_UFG_WFM_OTHER_0542341,Tomato Roma Conventional,$2.99,,$2.99/lb,,,$2.99/lb | Total est. price: $0.81,standard_price,in_stock,success
20260605_225638,2026-06-05 23:04:07,Whole Foods,183,grape tomatoes,https://www.wholefoodsmarket.com/grocery/product/fresh-produce-fresh-produce-tomato-grape-10-oz-us-b0002tuucm?ref_=US_OTR_ALL_UFG_WFM_OTHER_0542341,"Fresh Produce Tomato Grape, 10 oz(us)",$3.49,,$0.35/oz,,,$3.49 ($0.35 / oz),standard_price,in_stock,success
20260605_225638,2026-06-05 23:06:30,Whole Foods,184,romaine lettuce,https://www.wholefoodsmarket.com/grocery/product/fresh-produce-lettuce-romaine-conventional-1-each-b07814bsw2?ref_=US_OTR_ALL_UFG_WFM_OTHER_0542341,"Lettuce Romaine Conventional, 1 Each",$2.79,,$2.79/lb,,,$2.79 ($2.79 / lb),standard_price,in_stock,success
20260605_225638,2026-06-05 23:10:18,Whole Foods,185,"cucumbers, mini",https://www.wholefoodsmarket.com/grocery/product/fresh-produce-brands-may-vary-cucumber-baby-seedless-conventional-16-ounce-b07d79rfvk?ref_=US_OTR_ALL_UFG_WFM_OTHER_0542341,"Cucumber Baby Seedless Conventional, 16 Ounce",$2.99,,$2.99/lb,,,$2.99 ($2.99 / lb),standard_price,in_stock,success
20260605_225638,2026-06-05 23:13:08,Whole Foods,186,"cucumbers, mini, organic",https://www.wholefoodsmarket.com/grocery/product/wholesum-organic-mini-cucumbers-1-lb-b07ftywccd?ref_=US_OTR_ALL_UFG_WFM_OTHER_0542341,"Organic Mini Cucumbers, 1 lb",$4.49,,$4.49/count,,,$4.49 ($4.49 / count),standard_price,in_stock,success
20260605_225638,2026-06-05 23:15:56,Whole Foods,187,bananas,https://www.wholefoodsmarket.com/grocery/product/fresh-produce-banana-conventional-1-each-b07fyykkqk?ref_=US_OTR_ALL_UFG_WFM_OTHER_0542341,"Banana Conventional, 1 Each",$0.59,,$0.59/lb,,,$0.59/lb | Total est. price: $0.18,standard_price,in_stock,success
20260605_225638,2026-06-05 23:20:44,Whole Foods,188,"bananas, organic",https://www.wholefoodsmarket.com/grocery/product/fresh-produce-organic-banana-1-each-b0787y4v6t?ref_=US_OTR_ALL_UFG_WFM_OTHER_0542341,"Organic Banana, 1 Each",$2.69,,,,,$2.69,standard_price,out_of_stock,success
20260605_225638,2026-06-05 23:25:08,Whole Foods,190,"apple, honeycrisp",https://www.wholefoodsmarket.com/grocery/product/fresh-produce-honeycrisp-apple-b000rgzmtq?ref_=US_OTR_ALL_UFG_WFM_OTHER_0542341,Honeycrisp Apple,$3.49,,$3.49/lb,,,$3.49/lb | Total est. price: $1.78,standard_price,in_stock,success
20260605_225638,2026-06-05 23:29:55,Whole Foods,191,"apple, honeycrisp, organic",https://www.wholefoodsmarket.com/grocery/product/fresh-produce-organic-honeycrisp-apple-b001gip2a8?ref_=US_OTR_ALL_UFG_WFM_OTHER_0542341,Organic Honeycrisp Apple,$3.88,,$3.88/lb,,,$3.88/lb | Total est. price: $2.06,standard_price,in_stock,success
20260605_225638,2026-06-05 23:33:23,Whole Foods,192,blueberries,https://www.wholefoodsmarket.com/grocery/product/fresh-produce-blueberries-1-pint-b003aykyig?ref_=US_OTR_ALL_UFG_WFM_OTHER_0542341,"Blueberries, 1 Pint",$4.49,,$6.91/lb,,,$4.49 ($6.91 / lb),standard_price,in_stock,success
20260605_225638,2026-06-05 23:37:45,Whole Foods,193,"blueberries, organic",https://www.wholefoodsmarket.com/grocery/product/fresh-produce-organic-blueberries-pint-b077n7tr5g?ref_=US_OTR_ALL_UFG_WFM_OTHER_0542341,Organic Blueberries Pint,$5.99,,$7.99/lb,,,$5.99 ($7.99 / lb),standard_price,in_stock,success
20260605_225638,2026-06-05 23:40:19,Whole Foods,194,"blueberries, frozen",https://www.wholefoodsmarket.com/grocery/product/365-by-whole-foods-market-365-by-whole-foods-market-frozen-blueberries-12-oz-b074h58yc4?ref_=US_OTR_ALL_UFG_WFM_OTHER_0542341,"365 by Whole Foods Market Frozen Blueberries, 12 OZ",$3.19,,$0.27/oz,,,$3.19 ($0.27 / ounce),standard_price,in_stock,success
20260605_225638,2026-06-05 23:43:44,Whole Foods,195,"blueberries, frozen, organic",https://www.wholefoodsmarket.com/grocery/product/365-by-whole-foods-market-organic-blueberries-32-ounce-frozen-b074h5hflz?ref_=US_OTR_ALL_UFG_WFM_OTHER_0542341,"Organic Blueberries, 32 Ounce, (Frozen)",$9.79,,$0.31/oz,,,$9.79 ($0.31 / ounce),standard_price,in_stock,success
20260605_225638,2026-06-05 23:46:39,Whole Foods,196,strawberries,https://www.wholefoodsmarket.com/grocery/product/fresh-produce-strawberries-1-lb-b000p6j0sm?ref_=US_OTR_ALL_UFG_WFM_OTHER_0542341,"Strawberries, 1 Lb",$3.99,,$3.99/lb,,,$3.99 ($3.99 / lb),standard_price,in_stock,success
20260605_225638,2026-06-05 23:48:09,Whole Foods,198,"strawberries, frozen",https://www.wholefoodsmarket.com/grocery/product/365-by-whole-foods-market-whole-strawberries-16-fl-oz-b074j5l82k?ref_=US_OTR_ALL_UFG_WFM_OTHER_0542341,"Whole Strawberries, 16 fl oz",$3.19,,$0.20/oz,,,$3.19 ($0.20 / ounce),standard_price,in_stock,success
20260605_225638,2026-06-05 23:51:01,Whole Foods,199,raspberries,https://www.wholefoodsmarket.com/grocery/product/fresh-produce-red-raspberries-12-oz-b0029blmfk?ref_=US_OTR_ALL_UFG_WFM_OTHER_0542341,"Red Raspberries, 12 Oz",$7.49,,$9.99/lb,,,$7.49 ($9.99 / lb),standard_price,in_stock,success
20260605_225638,2026-06-05 23:52:35,Whole Foods,200,"raspberries, organic",https://www.wholefoodsmarket.com/grocery/product/fresh-produce-organic-raspberries-12-oz-b08vld2xr7?ref_=US_OTR_ALL_UFG_WFM_OTHER_0542341,"Organic Raspberries, 12 OZ",$8.99,,$0.75/oz,,,$8.99 ($0.75 / oz),standard_price,in_stock,success
20260605_225638,2026-06-05 23:55:21,Whole Foods,201,"raspberries, frozen",https://www.wholefoodsmarket.com/grocery/product/365-by-whole-foods-market-organic-raspberries-10-oz-b074h5qqwx?ref_=US_OTR_ALL_UFG_WFM_OTHER_0542341,"Organic Raspberries, 10 oz",$4.19,,$0.42/oz,,,$4.19 ($0.42 / ounce),standard_price,in_stock,success
20260605_225638,2026-06-05 23:58:10,Whole Foods,202,blackberries,https://www.wholefoodsmarket.com/grocery/product/fresh-produce-blackberries-6-oz-b000p717mi?ref_=US_OTR_ALL_UFG_WFM_OTHER_0542341,"Blackberries, 6 oz",$3.29,,$8.77/lb,,,$3.29 ($8.77 / lb),standard_price,in_stock,success
20260605_225638,2026-06-06 00:00:16,Whole Foods,203,"blackberries, organic",https://www.wholefoodsmarket.com/grocery/product/fresh-produce-organic-blackberries-6-oz-b00e3jm7uu?ref_=US_OTR_ALL_UFG_WFM_OTHER_0542341,"Organic Blackberries, 6 oz",$3.89,,$10.37/lb,,,$3.89 ($10.37 / lb),standard_price,in_stock,success
20260605_225638,2026-06-06 00:04:10,Whole Foods,204,cherries,https://www.wholefoodsmarket.com/grocery/product/fresh-produce-red-cherries-1-bag-b07kgl8z87?ref_=US_OTR_ALL_UFG_WFM_OTHER_0542341,"Red Cherries, 1 Bag",$6.66,,$6.66/lb,,,$6.66/lb $7.99/lb | Total est. price: $13.32,standard_price,in_stock,success
20260605_225638,2026-06-06 00:06:32,Whole Foods,205,"cherries, frozen",https://www.wholefoodsmarket.com/grocery/product/365-by-whole-foods-market-dark-sweet-cherries-16-oz-frozen-b074h67kx7?ref_=US_OTR_ALL_UFG_WFM_OTHER_0542341,"Dark Sweet Cherries, 16 oz, (Frozen)",$3.39,,$0.21/oz,,,$3.39 ($0.21 / ounce),standard_price,in_stock,success
20260605_225638,2026-06-06 00:09:23,Whole Foods,206,"mango, large",https://www.wholefoodsmarket.com/grocery/product/fresh-produce-large-mango-1-each-b003aykz1w?ref_=US_OTR_ALL_UFG_WFM_OTHER_0542341,"Large Mango, 1 Each",$1.99,,$1.99/count,,,$1.99 ($1.99 / count),standard_price,in_stock,success
20260605_225638,2026-06-06 00:13:29,Whole Foods,208,"avocado, hass",https://www.wholefoodsmarket.com/grocery/product/fresh-produce-large-hass-avocado-b000p72uzg?ref_=US_OTR_ALL_UFG_WFM_OTHER_0542341,Large Hass Avocado,$1.99,,$1.99/count,,,$1.99 ($1.99 / count),standard_price,in_stock,success
20260605_225638,2026-06-06 00:16:31,Whole Foods,209,"mushrooms, white",https://www.wholefoodsmarket.com/grocery/product/fresh-produce-whole-white-mushrooms-8-oz-b07fz177bb?ref_=US_OTR_ALL_UFG_WFM_OTHER_0542341,"Whole White Mushrooms, 8 oz",$2.29,,$4.58/lb,,,$2.29 ($4.58 / lb),standard_price,in_stock,success
20260605_225638,2026-06-06 00:20:22,Whole Foods,210,"mushrooms, white, organic",https://www.wholefoodsmarket.com/grocery/product/365-by-whole-foods-market-organic-white-mushroom-8-ounce-b07nqkhx9n?ref_=US_OTR_ALL_UFG_WFM_OTHER_0542341,"Organic White Mushroom, 8 Ounce",$3.49,,$6.98/lb,,,$3.49 ($6.98 / lb),standard_price,in_stock,success
20260605_225638,2026-06-06 00:23:34,Whole Foods,211,"mushrooms, frozen",https://www.wholefoodsmarket.com/grocery/product/365-by-whole-foods-market-organic-mixed-mushrooms-10-oz-frozen-b074h7l83m?ref_=US_OTR_ALL_UFG_WFM_OTHER_0542341,"Organic Mixed Mushrooms, 10 oz, (Frozen)",$4.19,,$4.19/count,,,$4.19 ($4.19 / count),standard_price,in_stock,success
20260605_225638,2026-06-06 00:26:06,Whole Foods,212,"watermelon, seedless",https://www.wholefoodsmarket.com/grocery/product/fresh-produce-seedless-watermelon-b07fz13dgw?ref_=US_OTR_ALL_UFG_WFM_OTHER_0542341,Seedless Watermelon,$7.99,,$7.99/count,,,$7.99 ($7.99 / count),standard_price,in_stock,success
20260605_225638,2026-06-06 00:28:52,Whole Foods,213,"watermelon, seedless, precut",https://www.wholefoodsmarket.com/grocery/product/fresh-produce-watermelon-chunks-medium-b09v3bv6bn?ref_=US_OTR_ALL_UFG_WFM_OTHER_0542341,Watermelon Chunks Medium,$5.33,,$5.33/lb,,,$5.33/lb $5.99/lb | Total est. price: $5.33,standard_price,in_stock,success
20260605_225638,2026-06-06 00:32:23,Whole Foods,214,pineapple,https://www.wholefoodsmarket.com/grocery/product/fresh-produce-pineapple-1-each-b07hhgk3tf?ref_=US_OTR_ALL_UFG_WFM_OTHER_0542341,"Pineapple, 1 Each",$3.99,,$3.99/count,,,$3.99 ($3.99 / count),standard_price,in_stock,success
20260605_225638,2026-06-06 00:35:00,Whole Foods,215,"pineapple, precut",https://www.wholefoodsmarket.com/grocery/product/fresh-produce-pineapple-chunks-value-pack-b09v3lwgwx?ref_=US_OTR_ALL_UFG_WFM_OTHER_0542341,Pineapple Chunks Value Pack,$4.49,,$4.49/lb,,,$4.49/lb | Total est. price: $12.35,standard_price,in_stock,success
20260605_225638,2026-06-06 00:38:09,Whole Foods,216,"pineapple, frozen",https://www.wholefoodsmarket.com/grocery/product/365-by-whole-foods-market-365-by-whole-foods-market-pineapple-chunks-16-oz-b074h6g7fc?ref_=US_OTR_ALL_UFG_WFM_OTHER_0542341,"365 by Whole Foods Market Pineapple Chunks, 16 OZ",$3.29,,$0.21/oz,,,$3.29 ($0.21 / ounce),standard_price,in_stock,success
20260606_004738,2026-06-06 00:49:22,Whole Foods,217,green beans,https://www.wholefoodsmarket.com/grocery/product/365-by-whole-foods-market-trimmed-green-beans-12-oz-b078j11tlh?ref_=US_OTR_ALL_UFG_WFM_OTHER_0542341,"Trimmed Green Beans, 12 oz",$2.59,,$3.45/lb,,,$2.59 ($3.45 / lb),standard_price,in_stock,success
20260606_004738,2026-06-06 00:52:02,Whole Foods,219,"green beans, cut, canned, organic",https://www.wholefoodsmarket.com/grocery/product/365-by-whole-foods-market-organic-cut-green-beans-no-salt-added-14-5-ounce-b074v3vny8?ref_=US_OTR_ALL_UFG_WFM_OTHER_0542341,"365 by Whole Foods Market, Organic Cut Green Beans, No Salt Added, 14.5 Ounce",$1.79,,$0.12/oz,,,$1.79 ($0.12 / ounce),standard_price,out_of_stock,success
20260606_004738,2026-06-06 00:54:45,Whole Foods,220,"green beans, organic",https://www.wholefoodsmarket.com/grocery/product/365-by-whole-foods-market-365-by-whole-foods-market-organic-trimmed-green-beans-12-oz-b07kg9my3b?ref_=US_OTR_ALL_UFG_WFM_OTHER_0542341,"365 by Whole Foods Market Organic Trimmed Green Beans, 12 OZ",$3.69,,$4.92/lb,,,$3.69 ($4.92 / lb),standard_price,in_stock,success
20260606_004738,2026-06-06 00:58:01,Whole Foods,221,"green beans, frozen",https://www.wholefoodsmarket.com/grocery/product/365-by-whole-foods-market-organic-cut-green-beans-16-oz-b074vblf4y?ref_=US_OTR_ALL_UFG_WFM_OTHER_0542341,"365 by Whole Foods Market, Organic Cut Green Beans, 16 oz",$2.79,,$2.79/lb,,,$2.79 ($2.79 / lb),standard_price,in_stock,success
20260606_004738,2026-06-06 01:01:41,Whole Foods,223,"asparagus, organic",https://www.wholefoodsmarket.com/grocery/product/fresh-produce-organic-green-asparagus-b002qy5pb2?ref_=US_OTR_ALL_UFG_WFM_OTHER_0542341,Organic Green Asparagus,$5.99,,$5.99/lb,,,$5.99/lb | Total est. price: $5.99,standard_price,in_stock,success
20260606_004738,2026-06-06 01:04:10,Whole Foods,224,"asparagus, frozen",https://www.wholefoodsmarket.com/grocery/product/365-by-whole-foods-market-asparagus-spears-12-ounce-b074h6r3pr?ref_=US_OTR_ALL_UFG_WFM_OTHER_0542341,"Asparagus Spears, 12 Ounce",$4.59,,$6.12/lb,,,$4.59 ($6.12 / lb),standard_price,in_stock,success
20260606_004738,2026-06-06 01:05:58,Whole Foods,225,"pumpkin puree, canned",https://www.wholefoodsmarket.com/grocery/product/365-by-whole-foods-market-pumpkin-puree-15-ounce-b074vcn7hw?ref_=US_OTR_ALL_UFG_WFM_OTHER_0542341,"Pumpkin Puree, 15 Ounce",$1.79,,$0.12/oz,,,$1.79 ($0.12 / ounce),standard_price,in_stock,success
20260606_004738,2026-06-06 01:09:57,Whole Foods,227,"butternut squash, organic",https://www.wholefoodsmarket.com/grocery/product/fresh-produce-organic-butternut-squash-1-each-b002qy3u5a?ref_=US_OTR_ALL_UFG_WFM_OTHER_0542341,"Organic Butternut Squash, 1 Each",$1.99,,$1.99/lb,,,$1.99/lb | Total est. price: $4.78,standard_price,in_stock,success
20260606_004738,2026-06-06 01:12:39,Whole Foods,229,"butternut squash, frozen, organic",https://www.wholefoodsmarket.com/grocery/product/365-by-whole-foods-market-organic-butternut-squash-16-oz-b074h64c9c?ref_=US_OTR_ALL_UFG_WFM_OTHER_0542341,"Organic Butternut Squash, 16 oz",$2.79,,$2.79/lb,,,$2.79 ($2.79 / lb),standard_price,in_stock,success
20260606_004738,2026-06-06 01:14:31,Whole Foods,230,"cauliflower, florets",https://www.wholefoodsmarket.com/grocery/product/365-by-whole-foods-market-cauliflower-florets-12-ounce-b077l7s52w?ref_=US_OTR_ALL_UFG_WFM_OTHER_0542341,"Cauliflower Florets, 12 Ounce",$2.49,,$3.32/lb,,,$2.49 ($3.32 / lb),standard_price,in_stock,success
20260606_004738,2026-06-06 01:17:16,Whole Foods,231,"cauliflower, florets, organic",https://www.wholefoodsmarket.com/grocery/product/365-by-whole-foods-market-organic-cauliflower-florets-10-oz-b077l639wx?ref_=US_OTR_ALL_UFG_WFM_OTHER_0542341,"Organic Cauliflower Florets, 10 oz",$3.99,,$6.38/lb,,,$3.99 ($6.38 / lb),standard_price,in_stock,success
20260606_004738,2026-06-06 01:19:56,Whole Foods,235,"oats, rolled, organic",https://www.wholefoodsmarket.com/grocery/product/365-by-whole-foods-market-organic-rolled-quick-oats-18-ounce-b07nsrhmpr?ref_=US_OTR_ALL_UFG_WFM_OTHER_0542341,"365 by Whole Foods Market, Organic Rolled Quick Oats, 18 Ounce",$3.79,,$0.21/oz,,,$3.79 ($0.21 / ounce),standard_price,in_stock,success
20260606_004738,2026-06-06 01:22:04,Whole Foods,236,"oats, rolled, organic, bobs red mill",https://www.wholefoodsmarket.com/grocery/product/bob-s-red-mill-bob-s-red-mill-organic-old-fashioned-rolled-oats-32oz-pack-of-1-non-gmo-whole-grain-vegan-kosher-b07c9kt113?ref_=US_OTR_ALL_UFG_WFM_OTHER_0542341,"Bob's Red Mill Organic Old Fashioned Rolled Oats, 32oz (Pack of 1) - Organic, Non GMO, Whole Grain, Vegan, Kosher",$7.79,,$0.24/oz,,,$7.79 ($0.24 / ounce),standard_price,in_stock,success
20260606_004738,2026-06-06 01:24:58,Whole Foods,237,"rice, long grain, brown",https://www.wholefoodsmarket.com/grocery/product/365-by-whole-foods-market-long-grain-brown-rice-80-ounce-b084ndfdrf?ref_=US_OTR_ALL_UFG_WFM_OTHER_0542341,"Long Grain Brown Rice, 80 Ounce",$4.19,,$0.05/oz,,,$4.19 ($0.05 / ounce),standard_price,in_stock,success
20260606_004738,2026-06-06 01:27:35,Whole Foods,238,"rice, long grain, brown, organic",https://www.wholefoodsmarket.com/grocery/product/365-by-whole-foods-market-organic-long-grain-brown-rice-32-ounce-b084nhd2r5?ref_=US_OTR_ALL_UFG_WFM_OTHER_0542341,"Organic Long Grain Brown Rice, 32 Ounce",$3.79,,$0.12/oz,,,$3.79 ($0.12 / ounce),standard_price,in_stock,success
20260606_004738,2026-06-06 01:29:23,Whole Foods,239,"rice, long grain, white",https://www.wholefoodsmarket.com/grocery/product/365-by-whole-foods-market-enriched-long-grain-white-rice-80-ounce-b084n8lzs3?ref_=US_OTR_ALL_UFG_WFM_OTHER_0542341,"Enriched Long Grain White Rice, 80 Ounce",$4.19,,$0.05/oz,,,$4.19 ($0.05 / ounce),standard_price,in_stock,success
20260606_004738,2026-06-06 01:31:39,Whole Foods,240,"rice, long grain, white, organic",https://www.wholefoodsmarket.com/grocery/product/365-by-whole-foods-market-organic-long-grain-white-rice-32-ounce-b084njhwtq?ref_=US_OTR_ALL_UFG_WFM_OTHER_0542341,"Organic Long Grain White Rice, 32 Ounce",$3.79,,$0.12/oz,,,$3.79 ($0.12 / ounce),standard_price,in_stock,success
20260606_004738,2026-06-06 01:34:06,Whole Foods,241,"quinoa, white, organic",https://www.wholefoodsmarket.com/grocery/product/365-by-whole-foods-market-organic-white-quinoa-16-ounce-b084nhcjwk?ref_=US_OTR_ALL_UFG_WFM_OTHER_0542341,"Organic White Quinoa, 16 Ounce",$4.69,,$0.29/oz,,,$4.69 ($0.29 / ounce),standard_price,in_stock,success
20260606_004738,2026-06-06 01:37:20,Whole Foods,242,spaghetti,https://www.wholefoodsmarket.com/grocery/product/365-by-whole-foods-market-spaghetti-16-ounce-b074j76xfz?ref_=US_OTR_ALL_UFG_WFM_OTHER_0542341,"Spaghetti, 16 Ounce",$1.29,,$0.08/oz,,,$1.29 ($0.08 / ounce),standard_price,in_stock,success
20260606_004738,2026-06-06 01:40:38,Whole Foods,243,"bread, white",https://www.wholefoodsmarket.com/grocery/product/365-by-whole-foods-market-365-by-whole-foods-market-classic-white-bread-24-oz-b0dpxlgh62?ref_=US_OTR_ALL_UFG_WFM_OTHER_0542341,"365 by Whole Foods Market Classic White Bread, 24 OZ",$2.59,,$0.11/oz,,,$2.59 ($0.11 / ounce),standard_price,in_stock,success
20260606_004738,2026-06-06 01:43:36,Whole Foods,244,"bread, sourdough, bakery, sliced",https://www.wholefoodsmarket.com/grocery/product/whole-foods-market-whole-foods-market-san-francisco-sourdough-boule-b0cp61gh31?ref_=US_OTR_ALL_UFG_WFM_OTHER_0542341,Whole Foods Market San Francisco Sourdough Boule,$7.69,,,,,$7.69,standard_price,out_of_stock,success
20260606_004738,2026-06-06 01:47:33,Whole Foods,245,"bread, whole wheat, sliced",https://www.wholefoodsmarket.com/grocery/product/365-by-whole-foods-market-365-by-whole-foods-market-organic-whole-wheat-bread-20-oz-b0dpxnplly?ref_=US_OTR_ALL_UFG_WFM_OTHER_0542341,"365 by Whole Foods Market Organic Whole Wheat Bread, 20 OZ",$3.29,,$0.16/oz,,,$3.29 ($0.16 / ounce),standard_price,in_stock,success
20260606_004738,2026-06-06 04:50:13,Whole Foods,246,bagels,https://www.wholefoodsmarket.com/grocery/product/365-by-whole-foods-market-365-by-whole-foods-market-plain-bagels-18-oz-b0dpxm53ly?ref_=US_OTR_ALL_UFG_WFM_OTHER_0542341,"365 by Whole Foods Market Plain Bagels, 18 OZ",$3.69,,$0.21/oz,,,$3.69 ($0.21 / ounce),standard_price,in_stock,success
20260606_004738,2026-06-06 08:12:37,Whole Foods,247,"bagels, blueberry, sola",https://www.wholefoodsmarket.com/grocery/product/sola-the-sola-company-blu-berry-bagels-12-oz-b0d6ctk2by?ref_=US_OTR_ALL_UFG_WFM_OTHER_0542341,"The Sola Company Blu-Berry Bagels, 12 OZ",$7.79,,$0.65/oz,,,$7.79 ($0.65 / ounce),standard_price,in_stock,success
20260606_004738,2026-06-06 10:56:15,Whole Foods,248,"bagels, bakery",https://www.wholefoodsmarket.com/grocery/product/whole-foods-market-whole-foods-market-plain-bagel-6-count-b07812kw4n?ref_=US_OTR_ALL_UFG_WFM_OTHER_0542341,Whole Foods Market Plain Bagel 6 Count,$5.99,,$0.26/oz,,,$5.99 ($0.26 / ounce),standard_price,in_stock,success
20260606_004738,2026-06-06 12:58:03,Whole Foods,249,"buns, hot dog",https://www.wholefoodsmarket.com/grocery/product/365-by-whole-foods-market-365-by-whole-foods-market-white-hot-dog-buns-15-oz-b0dpxl9p6q?ref_=US_OTR_ALL_UFG_WFM_OTHER_0542341,"365 by Whole Foods Market White Hot Dog Buns, 15 OZ",$3.30,,$0.22/oz,,,$3.30 ($0.22 / ounce),standard_price,in_stock,success
20260606_004738,2026-06-06 13:56:51,Whole Foods,250,"buns, hot dog, brioche",https://www.wholefoodsmarket.com/grocery/product/whole-foods-market-kitchens-whole-foods-market-kitchens-brioche-hot-dog-buns-9-52-oz-b0dmt746l9?ref_=US_OTR_ALL_UFG_WFM_OTHER_0542341,"Whole Foods Market Kitchens Brioche Hot Dog Buns, 9.52 OZ",$6.99,,$0.73/oz,,,$6.99 ($0.73 / ounce),standard_price,in_stock,success
20260606_004738,2026-06-06 14:00:51,Whole Foods,251,"rolls, sweet hawaiian",https://www.wholefoodsmarket.com/grocery/product/365-by-whole-foods-market-365-by-whole-foods-market-sweet-hawaiian-rolls-16-oz-b0dpxlrgm2?ref_=US_OTR_ALL_UFG_WFM_OTHER_0542341,"365 by Whole Foods Market Sweet Hawaiian Rolls, 16 OZ",$3.39,,$0.21/oz,,,$3.39 ($0.21 / ounce),standard_price,in_stock,success
20260606_004738,2026-06-06 14:04:58,Whole Foods,252,"pie crust, graham",https://www.wholefoodsmarket.com/grocery/product/365-by-whole-foods-market-365-by-whole-foods-market-graham-cracker-pie-crust-6-oz-b08ly5bys5?ref_=US_OTR_ALL_UFG_WFM_OTHER_0542341,"365 by Whole Foods Market Graham Cracker Pie Crust, 6 OZ",$3.99,,$0.67/oz,,,$3.99 ($0.67 / ounce),standard_price,in_stock,success
20260606_004738,2026-06-06 14:07:11,Whole Foods,255,"cereal, frosted flakes, organic",https://www.wholefoodsmarket.com/grocery/product/365-by-whole-foods-market-organic-frosted-flakes-10-oz-b00ic9umsq?ref_=US_OTR_ALL_UFG_WFM_OTHER_0542341,"Organic Frosted Flakes, 10 oz",$3.49,,$0.35/oz,,,$3.49 ($0.35 / ounce),standard_price,in_stock,success
20260606_004738,2026-06-06 14:10:09,Whole Foods,256,"cereal, honey nut o",https://www.wholefoodsmarket.com/grocery/product/365-by-whole-foods-market-organic-honey-and-nut-morning-o-s-cereal-12-2-ounce-b074h5lt3m?ref_=US_OTR_ALL_UFG_WFM_OTHER_0542341,"Organic Honey And Nut Morning O's Cereal, 12.2 Ounce",$3.49,,$0.29/oz,,,$3.49 ($0.29 / ounce),standard_price,in_stock,success
20260606_004738,2026-06-06 14:13:33,Whole Foods,257,"cereal, honey nut o, cheerios",https://www.wholefoodsmarket.com/grocery/product/cheerios-honey-nut-heart-healthy-gluten-free-breakfast-cereal-with-whole-grain-oats-10-8-oz-b07czcm4vz?ref_=US_OTR_ALL_UFG_WFM_OTHER_0542341,"Honey Nut Cheerios, Heart Healthy Gluten Free Breakfast Cereal with Whole Grain Oats, 10.8 oz",$5.49,,$0.51/oz,,,$5.49 ($0.51 / ounce),standard_price,in_stock,success
20260606_004738,2026-06-06 14:15:42,Whole Foods,258,"granola, chocolate",https://www.wholefoodsmarket.com/grocery/product/365-by-whole-foods-market-granola-double-chocolate-with-red-berries-12-ounce-b0bnlssd5v?ref_=US_OTR_ALL_UFG_WFM_OTHER_0542341,"Granola, Double Chocolate with Red Berries, 12 Ounce",$3.59,,$0.30/oz,,,$3.59 ($0.30 / ounce),standard_price,in_stock,success
20260606_004738,2026-06-06 14:17:55,Whole Foods,259,"granola, chocolate, purely elizabeth",https://www.wholefoodsmarket.com/grocery/product/purely-elizabeth-purely-elizabeth-cookie-granola-chocolate-chip-11-ounce-b0cjvmhydh?ref_=US_OTR_ALL_UFG_WFM_OTHER_0542341,"Purely Elizabeth, Cookie Granola Chocolate Chip, 11 Ounce",$8.99,,$0.82/oz,,,$8.99 ($0.82 / ounce),standard_price,in_stock,success
20260606_004738,2026-06-06 14:21:15,Whole Foods,260,mac and cheese,https://www.wholefoodsmarket.com/grocery/product/365-by-whole-foods-market-macaroni-cheese-7-25-ounce-b07zpphcj6?ref_=US_OTR_ALL_UFG_WFM_OTHER_0542341,"Macaroni & Cheese, 7.25 Ounce",$0.89,,$0.12/oz,,,$0.89 ($0.12 / ounce),standard_price,in_stock,success
20260606_004738,2026-06-06 14:24:23,Whole Foods,261,"vegan mac, cheddar, daiya",https://www.wholefoodsmarket.com/grocery/product/daiya-daiya-cheddar-mac-and-cheese-5-5-oz-b0dpr2yt6x?ref_=US_OTR_ALL_UFG_WFM_OTHER_0542341,"Daiya Cheddar Mac and Cheese, 5.5 OZ",$3.33,,$0.61/oz,,,$3.33 ($0.61 / ounce),standard_price,out_of_stock,success
20260606_004738,2026-06-06 14:26:40,Whole Foods,262,"mac and cheese, cheddar, annies",https://www.wholefoodsmarket.com/grocery/product/annie-s-homegrown-annie-s-macaroni-and-classic-cheddar-with-organic-pasta-made-with-real-cheese-dinner-side-or-snack-6-oz-b000vhetr2?ref_=US_OTR_ALL_UFG_WFM_OTHER_0542341,"Annie's Macaroni and Classic Cheddar with Organic Pasta, Made with Real Cheese, Dinner Side or Snack, 6 oz",$1.78,,$0.30/oz,,,$1.78 ($0.30 / ounce),standard_price,in_stock,success
20260606_004738,2026-06-06 14:29:34,Whole Foods,263,"vegan mac and cheese, cheddar, annies",https://www.wholefoodsmarket.com/grocery/product/annie-s-homegrown-annie-s-vegan-mac-and-cheddar-flavor-pasta-and-sauce-organic-plant-based-dinner-side-or-snacks-6-oz-b073wf53rr?ref_=US_OTR_ALL_UFG_WFM_OTHER_0542341,"Annie's Vegan Mac and Cheddar Flavor Pasta and Sauce, Organic, Plant Based, Dinner Side or Snacks, 6 oz",$3.32,,$0.55/oz,,,$3.32 ($0.55 / ounce),standard_price,in_stock,success
20260606_004738,2026-06-06 14:32:10,Whole Foods,264,"vegan mac and cheese, cheddar, goodles",https://www.wholefoodsmarket.com/grocery/product/goodles-goodles-vegan-is-believin-mac-cheese-1-pack-5-25oz-12g-protein-7g-fiber-with-prebiotics-21-nutrients-kosher-certified-clean-label-certified-b0b1sq2wsy?ref_=US_OTR_ALL_UFG_WFM_OTHER_0542341,"Goodles Vegan Is Believin’ Mac & Cheese 1-Pack, 5.25oz - 12g Protein, 7g Fiber with Prebiotics, 21 Nutrients - Kosher Certified | Clean Label Certified",$5.09,,$5.09/count,,,$5.09 ($5.09 / count),standard_price,in_stock,success
20260606_004738,2026-06-06 14:34:45,Whole Foods,266,"bread, challah",https://www.wholefoodsmarket.com/grocery/product/simply-delicious-bakers-simply-delicious-bakers-braided-challah-loaf-16-oz-b0cs7v45c5?ref_=US_OTR_ALL_UFG_WFM_OTHER_0542341,"Simply Delicious Bakers Braided Challah Loaf, 16 OZ",$6.99,,$0.44/oz,,,$6.99 ($0.44 / ounce),standard_price,in_stock,success
20260606_004738,2026-06-06 14:37:20,Whole Foods,268,"lentils, organic",https://www.wholefoodsmarket.com/grocery/product/365-by-whole-foods-market-organic-green-lentils-16-ounce-b084n94mdj?ref_=US_OTR_ALL_UFG_WFM_OTHER_0542341,"Organic Green Lentils, 16 Ounce",$3.29,,$0.21/oz,,,$3.29 ($0.21 / ounce),standard_price,in_stock,success
20260606_004738,2026-06-06 14:43:51,Whole Foods,270,"lentils, red, organic",https://www.wholefoodsmarket.com/grocery/product/365-by-whole-foods-market-organic-red-lentils-16-ounce-b084nhcppd?ref_=US_OTR_ALL_UFG_WFM_OTHER_0542341,"Organic Red Lentils, 16 Ounce",$3.29,,$0.21/oz,,,$3.29 ($0.21 / ounce),standard_price,in_stock,success
20260606_004738,2026-06-06 14:46:34,Whole Foods,272,"chick peas (garbanzos), organic",https://www.wholefoodsmarket.com/grocery/product/365-by-whole-foods-market-organic-garbanzo-beans-16-ounce-b084nhqtt5?ref_=US_OTR_ALL_UFG_WFM_OTHER_0542341,"Organic Garbanzo Beans, 16 Ounce",$2.69,,$0.17/oz,,,$2.69 ($0.17 / ounce),standard_price,in_stock,success
20260606_004738,2026-06-06 14:49:51,Whole Foods,274,"pinto beans, organic",https://www.wholefoodsmarket.com/grocery/product/365-by-whole-foods-market-organic-pinto-beans-16-ounce-b084nf3nhq?ref_=US_OTR_ALL_UFG_WFM_OTHER_0542341,"Organic Pinto Beans, 16 Ounce",$2.69,,$0.17/oz,,,$2.69 ($0.17 / ounce),standard_price,in_stock,success
20260606_004738,2026-06-06 14:52:53,Whole Foods,276,"black beans, organic",https://www.wholefoodsmarket.com/grocery/product/365-by-whole-foods-market-organic-black-beans-16-ounce-b084nf9fs1?ref_=US_OTR_ALL_UFG_WFM_OTHER_0542341,"365 by Whole Foods Market, Organic Black Beans, 16 Ounce",$2.69,,$0.17/oz,,,$2.69 ($0.17 / ounce),standard_price,in_stock,success
20260606_004738,2026-06-06 14:55:18,Whole Foods,278,"kidney beans, organic",https://www.wholefoodsmarket.com/grocery/product/365-by-whole-foods-market-organic-red-kidney-beans-16-ounce-b084nfczdz?ref_=US_OTR_ALL_UFG_WFM_OTHER_0542341,"Organic Red Kidney Beans, 16 Ounce",$2.69,,$0.17/oz,,,$2.69 ($0.17 / ounce),standard_price,in_stock,success
20260606_004738,2026-06-06 14:58:27,Whole Foods,279,"pinto beans, canned",https://www.wholefoodsmarket.com/grocery/product/365-by-whole-foods-market-pinto-beans-no-salt-added-15-5-oz-b074h61lsg?ref_=US_OTR_ALL_UFG_WFM_OTHER_0542341,"Pinto Beans, No Salt Added, 15.5 oz",$0.99,,$0.06/oz,,,$0.99 ($0.06 / ounce),standard_price,in_stock,success
20260606_004738,2026-06-06 15:00:46,Whole Foods,280,"black beans, canned",https://www.wholefoodsmarket.com/grocery/product/365-by-whole-foods-market-unsalted-black-beans-15-ounce-b074h58y5b?ref_=US_OTR_ALL_UFG_WFM_OTHER_0542341,"Unsalted Black Beans, 15 Ounce",$0.99,,$0.07/oz,,,$0.99 ($0.07 / ounce),standard_price,in_stock,success
20260606_004738,2026-06-06 15:04:45,Whole Foods,281,"kidney beans, canned",https://www.wholefoodsmarket.com/grocery/product/365-by-whole-foods-market-dark-red-kidney-beans-no-salt-added-15-5-oz-b074h51qpn?ref_=US_OTR_ALL_UFG_WFM_OTHER_0542341,"Dark Red Kidney Beans, No Salt Added, 15.5 oz",$0.99,,$0.06/oz,,,$0.99 ($0.06 / ounce),standard_price,in_stock,success
20260606_004738,2026-06-06 15:06:56,Whole Foods,282,"chick peas (garbanzos), canned",https://www.wholefoodsmarket.com/grocery/product/365-by-whole-foods-market-unsalted-garbanzo-beans-15-5-ounce-b074h51qbt?ref_=US_OTR_ALL_UFG_WFM_OTHER_0542341,"Unsalted Garbanzo Beans, 15.5 Ounce",$0.99,,$0.06/oz,,,$0.99 ($0.06 / ounce),standard_price,in_stock,success
20260606_004738,2026-06-06 15:09:17,Whole Foods,283,"vegan burger patties, impossible",https://www.wholefoodsmarket.com/grocery/product/impossible-foods-impossible-burger-patties-grilled-21-6-ounce-b0dlbq7vgc?ref_=US_OTR_ALL_UFG_WFM_OTHER_0542341,"Impossible, Burger Patties Grilled, 21.6 Ounce",$15.99,,$0.74/oz,,,$15.99 ($0.74 / ounce),standard_price,in_stock,success
20260606_004738,2026-06-06 15:11:20,Whole Foods,285,"vegan sausage, hot italian, beyond meat",https://www.wholefoodsmarket.com/grocery/product/beyond-meat-beyond-meat-sausage-plant-based-dinner-links-hot-italian-14-oz-b07b698z1f?ref_=US_OTR_ALL_UFG_WFM_OTHER_0542341,"Beyond Meat Sausage Plant-Based Dinner Links, Hot Italian 14 Oz",$9.99,,$11.42/lb,,,$9.99 ($11.42 / lb),standard_price,in_stock,success
20260606_004738,2026-06-06 15:14:30,Whole Foods,286,"vegan sausage, breakfast, beyond meat",https://www.wholefoodsmarket.com/grocery/product/beyond-meat-beyond-meat-breakfast-sausage-plant-based-patties-original-9-7-oz-b0fvms5xz5?ref_=US_OTR_ALL_UFG_WFM_OTHER_0542341,"Beyond Meat Spicy Breakfast Sausage Patties, 9.7 OZ",$8.99,,$0.93/oz,,,$8.99 ($0.93 / ounce),standard_price,in_stock,success
20260606_004738,2026-06-06 15:17:16,Whole Foods,287,"potato chips, salt",https://www.wholefoodsmarket.com/grocery/product/365-by-whole-foods-market-365-by-whole-foods-market-potato-chips-rippled-sea-salt-party-size-13-ounce-b0dd4f8lvq?ref_=US_OTR_ALL_UFG_WFM_OTHER_0542341,"365 By Whole Foods Market, Potato Chips Rippled Sea Salt - Party Size, 13 Ounce",$3.99,,$0.31/oz,,,$3.99 ($0.31 / ounce),standard_price,in_stock,success
20260606_004738,2026-06-06 15:19:56,Whole Foods,289,"tortilla chips, salt, organic",https://www.wholefoodsmarket.com/grocery/product/365-by-whole-foods-market-organic-restaurant-style-white-corn-tortilla-chips-14-ounce-b07nqvc7vr?ref_=US_OTR_ALL_UFG_WFM_OTHER_0542341,"365 by Whole Foods Market, Organic Restaurant Style White Corn Tortilla Chips, 14 Ounce",$3.49,,$3.49/count,,,$3.49 ($3.49 / count),standard_price,in_stock,success
20260606_004738,2026-06-06 15:22:20,Whole Foods,291,"cookies, chocolate chips, organic",https://www.wholefoodsmarket.com/grocery/product/365-by-whole-foods-market-organic-chocolate-chip-cookie-bites-6-3-ounce-b074h5tnf8?ref_=US_OTR_ALL_UFG_WFM_OTHER_0542341,"Organic Chocolate Chip Cookie Bites, 6.3 Ounce",$5.39,,$0.86/oz,,,$5.39 ($0.86 / ounce),standard_price,in_stock,success
20260606_004738,2026-06-06 15:25:54,Whole Foods,292,"cookies, chocolate chips, tates bake shop",https://www.wholefoodsmarket.com/grocery/product/tate-s-bake-shop-tates-bake-shop-chocolate-chip-cookies-7-oz-b06xzm52nq?ref_=US_OTR_ALL_UFG_WFM_OTHER_0542341,"Tates Bake Shop Chocolate Chip Cookies, 7 OZ",$5.79,,$0.83/oz,,,$5.79 ($0.83 / ounce),standard_price,in_stock,success
20260606_004738,2026-06-06 15:29:28,Whole Foods,293,"ice cream, vanilla",https://www.wholefoodsmarket.com/grocery/product/365-by-whole-foods-market-vanilla-ice-cream-48-oz-frozen-b07fw2p8dg?ref_=US_OTR_ALL_UFG_WFM_OTHER_0542341,"Vanilla Ice Cream, 48 oz (Frozen)",$5.19,,$0.11/oz,,,$5.19 ($0.11 / oz),standard_price,in_stock,success
20260606_004738,2026-06-06 15:32:40,Whole Foods,294,"vegan ice cream, vanilla",https://www.wholefoodsmarket.com/grocery/product/365-by-whole-foods-market-365-by-whole-foods-market-vanilla-oat-milk-frozen-dessert-1-pt-b0dtv4cr13?ref_=US_OTR_ALL_UFG_WFM_OTHER_0542341,"365 by Whole Foods Market Vanilla Oat Milk Frozen Dessert, 1 PT",$4.49,,,,,$4.49,standard_price,in_stock,success
20260606_004738,2026-06-06 15:35:48,Whole Foods,295,"ice cream, vanilla, organic, aldens",https://www.wholefoodsmarket.com/grocery/product/alden-s-french-vanilla-ice-cream-48-oz-frozen-b00ztm3gnm?ref_=US_OTR_ALL_UFG_WFM_OTHER_0542341,"French Vanilla Ice Cream, 48 oz (Frozen)",$10.99,,$0.23/oz,,,$10.99 ($0.23 / ounce),standard_price,in_stock,success
20260606_004738,2026-06-06 15:39:22,Whole Foods,299,"candy mix, organic, yumearth organic",https://www.wholefoodsmarket.com/grocery/product/yumearth-yumearth-organic-variety-box-jelly-beans-giggles-chewys-sour-littles-allergy-friendly-top-9-free-no-artificial-dyes-non-gmo-gluten-free-vegan-individually-wrapped-pack-of-20-b0dqyv4qqs?ref_=US_OTR_ALL_UFG_WFM_OTHER_0542341,"YumEarth Organic Variety Box - Jelly Beans, Giggles, Chewys, Sour Littles - Allergy Friendly (Top 9 Free), No Artificial Dyes, Non GMO, Gluten Free, Vegan -Individually Wrapped (Pack of 20)",$16.99,,$1.70/oz,,,$16.99 ($1.70 / ounce),standard_price,in_stock,success
20260606_004738,2026-06-06 15:43:39,Whole Foods,301,"peanut butter, creamy",https://www.wholefoodsmarket.com/grocery/product/365-by-whole-foods-market-creamy-peanut-butter-spread-no-stir-16-ounce-b0cjzrtlw3?ref_=US_OTR_ALL_UFG_WFM_OTHER_0542341,"Creamy Peanut Butter Spread, No Stir, 16 Ounce",$2.69,,$0.17/oz,,,$2.69 ($0.17 / ounce),standard_price,in_stock,success
20260606_004738,2026-06-06 15:46:20,Whole Foods,302,"peanut butter, creamy, organic",https://www.wholefoodsmarket.com/grocery/product/365-by-whole-foods-market-organic-creamy-peanut-butter-spread-no-stir-16-ounce-b074h5sshx?ref_=US_OTR_ALL_UFG_WFM_OTHER_0542341,"Organic Creamy Peanut Butter Spread, No Stir, 16 Ounce",$4.79,,$0.30/oz,,,$4.79 ($0.30 / ounce),standard_price,in_stock,success
20260606_004738,2026-06-06 15:50:35,Whole Foods,303,"almond butter, no sugar",https://www.wholefoodsmarket.com/grocery/product/365-by-whole-foods-market-creamy-almond-butter-16-ounce-b074h51qn4?ref_=US_OTR_ALL_UFG_WFM_OTHER_0542341,"Creamy Almond Butter, 16 Ounce",$7.49,,$0.47/oz,,,$7.49 ($0.47 / ounce),standard_price,in_stock,success
20260606_004738,2026-06-06 15:54:07,Whole Foods,308,"creatine, sunwarrior",https://www.wholefoodsmarket.com/grocery/product/sunwarrior-active-creatine-10-58-ounce-b0bs1x7p75?ref_=US_OTR_ALL_UFG_WFM_OTHER_0542341,"Sunwarrior Active Creatine, 10.58 OZ",$23.99,,$2.27/oz,,,$23.99 ($2.27 / ounce),standard_price,in_stock,success
20260606_004738,2026-06-06 15:57:53,Whole Foods,309,"flax seed, whole, organic",https://www.wholefoodsmarket.com/grocery/product/365-by-whole-foods-market-flaxseed-whole-organic-16-ounce-b07myfzr8z?ref_=US_OTR_ALL_UFG_WFM_OTHER_0542341,"Flaxseed Whole Organic, 16 Ounce",$5.99,,$0.37/oz,,,$5.99 ($0.37 / oz),standard_price,in_stock,success
20260606_004738,2026-06-06 16:01:03,Whole Foods,311,"chia seeds, organic",https://www.wholefoodsmarket.com/grocery/product/365-by-whole-foods-market-organic-black-chia-seeds-15-ounce-b074hjf6km?ref_=US_OTR_ALL_UFG_WFM_OTHER_0542341,"Organic Black Chia Seeds, 15 Ounce",$9.49,,$0.63/oz,,,$9.49 ($0.63 / ounce),standard_price,in_stock,success
20260606_004738,2026-06-06 16:05:14,Whole Foods,312,"walnuts, shelled",https://www.wholefoodsmarket.com/grocery/product/365-by-whole-foods-market-walnut-halves-pieces-16-ounce-b074vfq3jm?ref_=US_OTR_ALL_UFG_WFM_OTHER_0542341,"365 by Whole Foods Market, Walnut Halves & Pieces, 16 Ounce",$9.99,,$0.62/oz,,,$9.99 ($0.62 / ounce),standard_price,in_stock,success
20260606_004738,2026-06-06 16:08:18,Whole Foods,313,almonds,https://www.wholefoodsmarket.com/grocery/product/365-by-whole-foods-market-whole-raw-almonds-16-oz-b074vdbqnl?ref_=US_OTR_ALL_UFG_WFM_OTHER_0542341,"365 by Whole Foods Market, Whole Raw Almonds, 16 OZ",$7.79,,$0.49/oz,,,$7.79 ($0.49 / ounce),standard_price,in_stock,success
20260606_004738,2026-06-06 16:11:05,Whole Foods,314,"pecan, shelled",https://www.wholefoodsmarket.com/grocery/product/365-by-whole-foods-market-pecan-halves-12-ounce-b074vcsh7k?ref_=US_OTR_ALL_UFG_WFM_OTHER_0542341,"365 by Whole Foods Market, Pecan Halves, 12 Ounce",$8.49,,$0.71/oz,,,$8.49 ($0.71 / ounce),standard_price,in_stock,success
20260606_004738,2026-06-06 16:13:59,Whole Foods,315,"turmeric, ground",https://www.wholefoodsmarket.com/grocery/product/365-by-whole-foods-market-turmeric-ground-1-66-ounce-b074h6m3nt?ref_=US_OTR_ALL_UFG_WFM_OTHER_0542341,"Turmeric Ground, 1.66 Ounce",$2.99,,$1.80/oz,,,$2.99 ($1.80 / ounce),standard_price,in_stock,success
20260606_004738,2026-06-06 16:17:39,Whole Foods,316,"turmeric, ground, organic",https://www.wholefoodsmarket.com/grocery/product/365-by-whole-foods-market-organic-turmeric-1-41-oz-b074h6r592?ref_=US_OTR_ALL_UFG_WFM_OTHER_0542341,"Organic Turmeric, 1.41 oz",$3.99,,$2.83/oz,,,$3.99 ($2.83 / ounce),standard_price,in_stock,success
20260606_004738,2026-06-06 16:20:52,Whole Foods,317,"cinnamon, ground",https://www.wholefoodsmarket.com/grocery/product/365-by-whole-foods-market-ground-cinnamon-8-08-ounce-b074vbll7x?ref_=US_OTR_ALL_UFG_WFM_OTHER_0542341,"365 by Whole Foods Market, Ground Cinnamon, 8.08 Ounce",$5.49,,$0.68/oz,,,$5.49 ($0.68 / ounce),standard_price,in_stock,success
20260606_004738,2026-06-06 16:23:56,Whole Foods,318,"cinnamon, ground, organic",https://www.wholefoodsmarket.com/grocery/product/365-by-whole-foods-market-organic-ground-cinnamon-1-9-ounce-b00gb25r5y?ref_=US_OTR_ALL_UFG_WFM_OTHER_0542341,"Organic Ground Cinnamon, 1.9 Ounce",$3.99,,$2.10/oz,,,$3.99 ($2.10 / ounce),standard_price,in_stock,success
20260606_004738,2026-06-06 16:27:24,Whole Foods,319,poppy seeds,https://www.wholefoodsmarket.com/grocery/product/365-by-whole-foods-market-poppy-seed-2-01-ounce-b08cs37sjy?ref_=US_OTR_ALL_UFG_WFM_OTHER_0542341,"Poppy Seed, 2.01 Ounce",$2.99,,$1.49/oz,,,$2.99 ($1.49 / ounce),standard_price,in_stock,success
20260606_004738,2026-06-06 16:30:16,Whole Foods,320,"poppy seeds, organic",https://www.wholefoodsmarket.com/grocery/product/365-by-whole-foods-market-organic-poppy-seed-2-05-ounce-b074h5z5l4?ref_=US_OTR_ALL_UFG_WFM_OTHER_0542341,"Organic Poppy Seed, 2.05 Ounce",$3.99,,$1.95/oz,,,$3.99 ($1.95 / ounce),standard_price,in_stock,success
20260606_184300,2026-06-06 18:45:40,Whole Foods,321,"bulgur, organic",https://www.wholefoodsmarket.com/grocery/product/365-by-whole-foods-market-organic-whole-grain-bulgur-wheat-8-8-oz-b074h6vrky?ref_=US_OTR_ALL_UFG_WFM_OTHER_0542341,"Organic Whole Grain Bulgur Wheat, 8.8 oz",$2.99,,$0.34/oz,,,$2.99 ($0.34 / ounce),standard_price,in_stock,success
20260606_184300,2026-06-06 18:48:07,Whole Foods,323,honey,https://www.wholefoodsmarket.com/grocery/product/365-by-whole-foods-market-organic-light-amber-wildflower-honey-12-ounce-b074h5bv6w?ref_=US_OTR_ALL_UFG_WFM_OTHER_0542341,"Organic Light Amber Wildflower Honey, 12 Ounce",$5.59,,$0.47/oz,,,$5.59 ($0.47 / ounce),standard_price,in_stock,success
20260606_184300,2026-06-06 18:50:58,Whole Foods,325,"raisins, organic",https://www.wholefoodsmarket.com/grocery/product/365-by-whole-foods-market-organic-raisins-12-ounce-b07qg4mn46?ref_=US_OTR_ALL_UFG_WFM_OTHER_0542341,"Organic Raisins, 12 Ounce",$4.79,,$0.40/oz,,,$4.79 ($0.40 / ounce),standard_price,in_stock,success
20260606_184300,2026-06-06 18:53:34,Whole Foods,327,"cranberries, dried, sweetened, organic",https://www.wholefoodsmarket.com/grocery/product/365-by-whole-foods-market-organic-dried-sweetened-cranberries-8-ounce-b074h67hr9?ref_=US_OTR_ALL_UFG_WFM_OTHER_0542341,"Organic Dried Sweetened Cranberries, 8 Ounce",$5.39,,$0.67/oz,,,$5.39 ($0.67 / ounce),standard_price,in_stock,success
20260606_184300,2026-06-06 18:56:42,Whole Foods,329,"beets, bunch, organic",https://www.wholefoodsmarket.com/grocery/product/gafalr-produce-organic-root-beets-bunch-red-1-each-b07fzgh78r?ref_=US_OTR_ALL_UFG_WFM_OTHER_0542341,"Produce Organic Root Beets Bunch Red, 1 Each",$2.99,,$2.99/count,,,$2.99 ($2.99 / count),standard_price,in_stock,success
20260606_184300,2026-06-06 18:59:14,Whole Foods,331,"cabbage, green, organic",https://www.wholefoodsmarket.com/grocery/product/fresh-produce-organic-green-cabbage-b0787tk5fv?ref_=US_OTR_ALL_UFG_WFM_OTHER_0542341,Organic Green Cabbage,$1.99,,$1.99/lb,,,$1.99/lb | Total est. price: $4.64,standard_price,in_stock,success
20260606_184300,2026-06-06 19:01:30,Whole Foods,332,"sour cream, daisy",https://www.wholefoodsmarket.com/grocery/product/daisy-brand-daisy-sour-cream-8-ounce-b009pibv3i?ref_=US_OTR_ALL_UFG_WFM_OTHER_0542341,DAISY Sour Cream 8 Ounce,$1.89,,$0.24/oz,,,$1.89 ($0.24 / ounce),standard_price,in_stock,success
20260606_184300,2026-06-06 19:05:13,Whole Foods,334,"sour cream, organic",https://www.wholefoodsmarket.com/grocery/product/365-by-whole-foods-market-organic-sour-cream-16-oz-b07bs4ygl5?ref_=US_OTR_ALL_UFG_WFM_OTHER_0542341,"Organic Sour Cream, 16 oz",$2.99,,$0.19/oz,,,$2.99 ($0.19 / ounce),standard_price,in_stock,success
20260606_184300,2026-06-06 19:08:25,Whole Foods,336,"dill, organic",https://www.wholefoodsmarket.com/grocery/product/cbrosey-herb-dill-organic-1-bunch-b0781434kv?ref_=US_OTR_ALL_UFG_WFM_OTHER_0542341,"Herb Dill Organic, 1 Bunch",$2.69,,$2.69/count,,,$2.69 ($2.69 / count),standard_price,in_stock,success
20260606_184300,2026-06-06 19:11:50,Whole Foods,339,farmer cheese,https://www.wholefoodsmarket.com/grocery/product/365-by-whole-foods-market-365-by-whole-foods-market-farmer-cheese-16-ounce-b07zdtcwwd?ref_=US_OTR_ALL_UFG_WFM_OTHER_0542341,"365 By Whole Foods Market, Farmer Cheese, 16 Ounce",$5.49,,$0.34/oz,,,$5.49 ($0.34 / ounce),standard_price,in_stock,success
20260606_184300,2026-06-06 19:15:41,Whole Foods,340,"oil, olive, extra virgin",https://www.wholefoodsmarket.com/grocery/product/365-by-whole-foods-market-extra-virgin-mediterranean-olive-oil-101-4-fl-oz-b074y6wz8x?ref_=US_OTR_ALL_UFG_WFM_OTHER_0542341,"365 by Whole Foods Market, Extra Virgin Mediterranean Olive Oil, 101.4 fl oz",$33.99,,,,,$33.99,standard_price,in_stock,success
20260606_184300,2026-06-06 19:19:12,Whole Foods,342,"rye flour, organic, king arthur",https://www.wholefoodsmarket.com/grocery/product/king-arthur-king-arthur-organic-medium-rye-flour-3-lbs-for-complex-flavorful-breads-baked-goods-100-us-grown-milled-non-gmo-project-verified-robust-flavor-for-rye-bread-cookies-more-b08hzjj61j?ref_=US_OTR_ALL_UFG_WFM_OTHER_0542341,"King Arthur Organic Medium Rye Flour - 3 lbs for Complex Flavorful Breads & Baked Goods - 100% US Grown & Milled - Non-GMO Project Verified - Robust Flavor for Rye Bread, Cookies & More",$11.99,,$0.25/oz,,,$11.99 ($0.25 / ounce),standard_price,in_stock,success
20260606_184300,2026-06-06 19:22:54,Whole Foods,344,"arugula, organic",https://www.wholefoodsmarket.com/grocery/product/365-by-whole-foods-market-365-by-whole-foods-market-organic-baby-arugula-salad-5-oz-b09zhx8y9v?ref_=US_OTR_ALL_UFG_WFM_OTHER_0542341,"365 by Whole Foods Market Organic Baby Arugula Salad, 5 OZ",$3.89,,$12.45/lb,,,$3.89 ($12.45 / lb),standard_price,in_stock,success
20260606_184300,2026-06-06 19:25:47,Whole Foods,345,eggplant,https://www.wholefoodsmarket.com/grocery/product/fresh-produce-eggplant-b0787xmjqt?ref_=US_OTR_ALL_UFG_WFM_OTHER_0542341,Eggplant,$1.99,,$1.99/lb,,,$1.99/lb | Total est. price: $1.91,standard_price,in_stock,success
20260606_184300,2026-06-06 19:27:57,Whole Foods,346,zucchini,https://www.wholefoodsmarket.com/grocery/product/fresh-produce-zucchini-squash-conventional-b0787z3ss5?ref_=US_OTR_ALL_UFG_WFM_OTHER_0542341,Zucchini Squash Conventional,$2.29,,$2.29/lb,,,$2.29/lb | Total est. price: $1.15,standard_price,in_stock,success
20260606_184300,2026-06-06 19:31:09,Whole Foods,348,"orange, navel",https://www.wholefoodsmarket.com/grocery/product/fresh-produce-navel-orange-b000se9nug?ref_=US_OTR_ALL_UFG_WFM_OTHER_0542341,Navel Orange,$1.66,,$1.66/lb,,,$1.66/lb $2.19/lb | Total est. price: $1.29,standard_price,in_stock,success
20260606_184300,2026-06-06 19:32:55,Whole Foods,349,grapefruit,https://www.wholefoodsmarket.com/grocery/product/fresh-produce-grapefruit-star-conventional-1-each-b07hh7bwwt?ref_=US_OTR_ALL_UFG_WFM_OTHER_0542341,"Grapefruit Star Conventional, 1 Each",$1.66,,$1.66/lb,,,$1.66/lb $1.99/lb | Total est. price: $1.33,standard_price,in_stock,success
20260606_184300,2026-06-06 19:36:42,Whole Foods,350,tangerine,https://www.wholefoodsmarket.com/grocery/product/fresh-produce-mandarin-clementine-3-lb-bag-b01m2vfycn?ref_=US_OTR_ALL_UFG_WFM_OTHER_0542341,"Mandarin Clementine, 3 Lb Bag",$5.54,,$1.85/lb,,,$5.54 ($1.85 / lb),standard_price,in_stock,success
20260606_184300,2026-06-06 19:41:22,Whole Foods,351,grapes,https://www.wholefoodsmarket.com/grocery/product/fresh-produce-green-seedless-grapes-1-bag-b000p6j14u?ref_=US_OTR_ALL_UFG_WFM_OTHER_0542341,"Green Seedless Grapes, 1 Bag",$2.99,,$2.99/lb,,,$2.99/lb | Total est. price: $6.10,standard_price,in_stock,success
20260606_194202,2026-06-06 19:43:44,Whole Foods,352,"dates, medjool, natural delights",https://www.wholefoodsmarket.com/grocery/product/fresh-produce-natural-delights-fresh-medjool-dates-1-lb-great-snacks-for-adults-and-kids-non-gmo-verified-superfood-no-sugar-added-good-source-of-fiber-16-vitamins-minerals-packaging-may-vary-b00c0tilqy?ref_=US_OTR_ALL_UFG_WFM_OTHER_0542341,Natural Delights Fresh Medjool Dates (1 lb.) | Great Snacks for Adults and Kids | Non-GMO Verified | Superfood | No Sugar Added | Good Source of Fiber | 16 Vitamins & Minerals Packaging may vary,$8.99,,$0.56/oz,,,$8.99 ($0.56 / ounce),standard_price,in_stock,success
20260606_194202,2026-06-06 19:46:20,Whole Foods,353,"peach, yellow",https://www.wholefoodsmarket.com/grocery/product/fresh-produce-yellow-peach-b07j6y2k75?ref_=US_OTR_ALL_UFG_WFM_OTHER_0542341,Yellow Peach,$2.99,,,,,Join Prime to buy this item at $2.99,standard_price,out_of_stock,success
20260606_194202,2026-06-06 19:49:49,Whole Foods,356,cashews,https://www.wholefoodsmarket.com/grocery/product/365-by-whole-foods-market-cashews-unsalted-unroasted-24-ounce-b07gl9gnzp?ref_=US_OTR_ALL_UFG_WFM_OTHER_0542341,"365 by Whole Foods Market, Cashews Unsalted & Unroasted, 24 Ounce",$13.99,,$0.58/oz,,,$13.99 ($0.58 / ounce),standard_price,in_stock,success
20260606_194202,2026-06-06 19:52:17,Whole Foods,357,"cashews, organic",https://www.wholefoodsmarket.com/grocery/product/365-by-whole-foods-market-organic-cashews-10-ounce-b07gl9gnz7?ref_=US_OTR_ALL_UFG_WFM_OTHER_0542341,"365 by Whole Foods Market, Organic Cashews, 10 Ounce",$8.29,,$0.83/oz,,,$8.29 ($0.83 / ounce),standard_price,in_stock,success
20260606_194202,2026-06-06 19:56:03,Whole Foods,358,hazelnuts,https://www.wholefoodsmarket.com/grocery/product/365-by-whole-foods-market-hazelnuts-8-ounce-b09v92p5z9?ref_=US_OTR_ALL_UFG_WFM_OTHER_0542341,"Hazelnuts, 8 Ounce",$7.49,,$0.94/oz,,,$7.49 ($0.94 / ounce),standard_price,in_stock,success
20260606_194202,2026-06-06 19:58:35,Whole Foods,359,"hemp seeds, shelled, organic, manitoba harvest",https://www.wholefoodsmarket.com/grocery/product/manitoba-harvest-manitoba-harvest-hemp-heart-shelled-org-12oz-b008hfwxve?ref_=US_OTR_ALL_UFG_WFM_OTHER_0542341,MANITOBA HARVEST HEMP HEART SHELLED ORG 12OZ,$15.54,,$1.30/oz,,,$15.54 ($1.30 / ounce),standard_price,in_stock,success
20260606_194202,2026-06-06 20:01:48,Whole Foods,361,"pumpkin seeds, organic",https://www.wholefoodsmarket.com/grocery/product/365-by-whole-foods-market-organic-pumpkin-seeds-8-ounce-b07gl6jlzy?ref_=US_OTR_ALL_UFG_WFM_OTHER_0542341,"Organic Pumpkin Seeds, 8 Ounce",$4.99,,$0.62/oz,,,$4.99 ($0.62 / ounce),standard_price,in_stock,success
20260606_194202,2026-06-06 20:05:19,Whole Foods,362,salmon,https://www.wholefoodsmarket.com/grocery/product/seafood-salmon-atlantic-farm-raised-portion-6-ounce-b07fz74q71?ref_=US_OTR_ALL_UFG_WFM_OTHER_0542341,"Salmon Atlantic Farm Raised Portion, 6 Ounce",$6.99,,$1.17/oz,,,$6.99 ($1.17 / ounce),standard_price,in_stock,success
20260606_194202,2026-06-06 20:08:06,Whole Foods,363,"shrimp, small, frozen",https://www.wholefoodsmarket.com/grocery/product/365-by-whole-foods-market-365-by-whole-foods-market-peeled-tail-off-shrimp-51-60-count-value-pack-32-oz-b07nrcsqxp?ref_=US_OTR_ALL_UFG_WFM_OTHER_0542341,"365 by Whole Foods Market Peeled Tail-Off Shrimp 51-60 Count Value Pack, 32 OZ",$21.99,,$0.69/oz,,,$21.99 ($0.69 / ounce),standard_price,in_stock,success
20260606_194202,2026-06-06 20:10:09,Whole Foods,364,cod,https://www.wholefoodsmarket.com/grocery/product/seafood-suppliers-may-vary-atlantic-cod-fillet-b07r2kpskd?ref_=US_OTR_ALL_UFG_WFM_OTHER_0542341,Atlantic Cod Fillet,$21.99,,$21.99/lb,,,$21.99/lb | Total est. price: $21.99,standard_price,in_stock,success
20260606_194202,2026-06-06 20:13:15,Whole Foods,366,trout,https://www.wholefoodsmarket.com/grocery/product/seafood-suppliers-may-vary-seafood-trout-steelhead-fillet-farm-raised-b09sz51h91?ref_=US_OTR_ALL_UFG_WFM_OTHER_0542341,"Seafood, Trout Steelhead Fillet Farm Raised",$14.63,,$14.63/lb,,,$14.63/lb $15.49/lb | Total est. price: $7.32,discounted,in_stock,success
20260606_194202,2026-06-06 20:16:09,Whole Foods,367,"feta cheese, block",https://www.wholefoodsmarket.com/grocery/product/365-by-whole-foods-market-feta-block-16-oz-b074h61rv7?ref_=US_OTR_ALL_UFG_WFM_OTHER_0542341,"Feta Block, 16 oz",$7.99,,$0.50/oz,,,$7.99 ($0.50 / ounce),standard_price,in_stock,success
20260606_194202,2026-06-06 20:19:23,Whole Foods,368,clams,https://www.wholefoodsmarket.com/grocery/product/sea-watch-sea-watch-interantional-clam-chopped-meat-16-oz-b099fzw93w?ref_=US_OTR_ALL_UFG_WFM_OTHER_0542341,"Sea Watch Interantional Clam Chopped Meat, 16 OZ",$13.99,,$13.99/lb,,,$13.99 ($13.99 / lb),standard_price,in_stock,success
20260606_194202,2026-06-06 20:22:50,Whole Foods,369,octopus,https://www.wholefoodsmarket.com/grocery/product/seafood-suppliers-may-vary-octopus-whole-previously-frozen-b079njt97k?ref_=US_OTR_ALL_UFG_WFM_OTHER_0542341,Octopus Whole Previously Frozen,$11.99,,$11.99/lb,,,$11.99/lb | Total est. price: $20.86,standard_price,in_stock,success
20260606_194202,2026-06-06 20:25:44,Whole Foods,370,flounder,https://www.wholefoodsmarket.com/grocery/product/seafood-flounder-fillet-msc-b07fqp9nqs?ref_=US_OTR_ALL_UFG_WFM_OTHER_0542341,Flounder Fillet MSC,$13.99,,$13.99/lb,,,$13.99/lb | Total est. price: $13.99,standard_price,in_stock,success
20260606_194202,2026-06-06 20:28:10,Whole Foods,371,"cheese, brie",https://www.wholefoodsmarket.com/grocery/product/fromager-d-affinois-fromager-d-affinois-double-cream-brie-b07883h8yv?ref_=US_OTR_ALL_UFG_WFM_OTHER_0542341,"Fromager D Affinois, Double Cream Brie",$20.99,,$20.99/lb,,,$20.99/lb | Total est. price: $10.50,standard_price,in_stock,success
20260606_194202,2026-06-06 20:31:00,Whole Foods,372,"ricotta, part skim",https://www.wholefoodsmarket.com/grocery/product/365-by-whole-foods-market-part-skim-ricotta-15-oz-b074h7j3n4?ref_=US_OTR_ALL_UFG_WFM_OTHER_0542341,"Part Skim Ricotta, 15 oz",$4.99,,$0.33/oz,,,$4.99 ($0.33 / ounce),standard_price,in_stock,success
